[0m16:11:40.392562 [debug] [MainThread]: Sending event: {'category': 'dbt', 'action': 'invocation', 'label': 'start', 'context': [<snowplow_tracker.self_describing_json.SelfDescribingJson object at 0x000001BC6C3E6120>, <snowplow_tracker.self_describing_json.SelfDescribingJson object at 0x000001BC69F78CD0>, <snowplow_tracker.self_describing_json.SelfDescribingJson object at 0x000001BC6EDC39D0>]}


============================== 16:11:40.398161 | 040a1152-3c5b-4438-bc4b-1900423d5c68 ==============================
[0m16:11:40.398161 [info ] [MainThread]: Running with dbt=1.12.5
[0m16:11:40.398579 [debug] [MainThread]: running dbt with arguments {'maximum_seed_size_mib': '1', 'no_print': 'None', 'static_parser': 'True', 'target_path': 'None', 'version_check': 'True', 'warn_error_options': 'WarnErrorOptionsV2(error=[], warn=[], silence=[])', 'printer_width': '80', 'write_json': 'True', 'empty': 'False', 'log_cache_events': 'False', 'introspect': 'True', 'cache_selected_only': 'False', 'log_format': 'default', 'debug': 'False', 'fail_fast': 'False', 'profiles_dir': '.', 'send_anonymous_usage_stats': 'True', 'quiet': 'False', 'warn_error': 'None', 'partial_parse': 'True', 'use_colors': 'True', 'hints_enabled': 'True', 'indirect_selection': 'eager', 'use_experimental_parser': 'False', 'invocation_command': 'dbt compile --profiles-dir .', 'log_path': 'C:\\Users\\Gebruiker\\Data Architect\\dbt_transforms\\logs'}
[0m16:11:40.586315 [debug] [MainThread]: Sending event: {'category': 'dbt', 'action': 'project_id', 'label': '040a1152-3c5b-4438-bc4b-1900423d5c68', 'context': [<snowplow_tracker.self_describing_json.SelfDescribingJson object at 0x000001BC6ED56EA0>]}
[0m16:11:40.618256 [debug] [MainThread]: Sending event: {'category': 'dbt', 'action': 'adapter_info', 'label': '040a1152-3c5b-4438-bc4b-1900423d5c68', 'context': [<snowplow_tracker.self_describing_json.SelfDescribingJson object at 0x000001BC6CFD5D00>]}
[0m16:11:40.619723 [info ] [MainThread]: Registered adapter: duckdb=1.11.0
[0m16:11:40.748569 [debug] [MainThread]: checksum: c9f9e136216c1ef20ffad90a0f58ccdb6fce820aa067ea37b8aafc9294c69e6d, vars: {}, profile: enterprise_data_platform, target: dev, version: 1.12.5
[0m16:11:40.749078 [info ] [MainThread]: Unable to do partial parsing because saved manifest not found. Starting full parse.
[0m16:11:40.749367 [debug] [MainThread]: Sending event: {'category': 'dbt', 'action': 'partial_parser', 'label': '040a1152-3c5b-4438-bc4b-1900423d5c68', 'context': [<snowplow_tracker.self_describing_json.SelfDescribingJson object at 0x000001BC6EEF5850>]}
[0m16:11:41.835771 [debug] [MainThread]: Sending event: {'category': 'dbt', 'action': 'load_project', 'label': '040a1152-3c5b-4438-bc4b-1900423d5c68', 'context': [<snowplow_tracker.self_describing_json.SelfDescribingJson object at 0x000001BC6F19CF50>]}
[0m16:11:41.878199 [debug] [MainThread]: Wrote artifact WritableManifest to C:\Users\Gebruiker\Data Architect\dbt_transforms\target\manifest.json
[0m16:11:41.880629 [debug] [MainThread]: Wrote artifact SemanticManifest to C:\Users\Gebruiker\Data Architect\dbt_transforms\target\semantic_manifest.json
[0m16:11:41.896658 [debug] [MainThread]: Wrote artifact OsiDocument to C:\Users\Gebruiker\Data Architect\dbt_transforms\target\osi_document.json
[0m16:11:41.906838 [debug] [MainThread]: Sending event: {'category': 'dbt', 'action': 'resource_counts', 'label': '040a1152-3c5b-4438-bc4b-1900423d5c68', 'context': [<snowplow_tracker.self_describing_json.SelfDescribingJson object at 0x000001BC70782C10>]}
[0m16:11:41.907079 [info ] [MainThread]: Found 4 models, 1 snapshot, 500 macros
[0m16:11:41.907342 [debug] [MainThread]: Sending event: {'category': 'dbt', 'action': 'runnable_timing', 'label': '040a1152-3c5b-4438-bc4b-1900423d5c68', 'context': [<snowplow_tracker.self_describing_json.SelfDescribingJson object at 0x000001BC6F360870>]}
[0m16:11:41.908399 [info ] [MainThread]: 
[0m16:11:41.908678 [info ] [MainThread]: Concurrency: 4 threads (target='dev')
[0m16:11:41.908867 [info ] [MainThread]: 
[0m16:11:41.909126 [debug] [MainThread]: Acquiring new duckdb connection 'master'
[0m16:11:41.911781 [debug] [ThreadPool]: Acquiring new duckdb connection 'list_warehouse_main'
[0m16:11:43.048198 [debug] [ThreadPool]: Using duckdb connection "list_warehouse_main"
[0m16:11:43.048476 [debug] [ThreadPool]: On list_warehouse_main: BEGIN
[0m16:11:43.048619 [debug] [ThreadPool]: Opening a new connection, currently in state init
[0m16:11:43.076275 [debug] [ThreadPool]: DuckDB adapter: duckdb error: IO Error: Cannot open file "C:\Users\Gebruiker\Data Architect\.tmp\warehouse.duckdb": The system cannot find the path specified.

[0m16:11:43.076500 [debug] [ThreadPool]: DuckDB adapter: Error running SQL: BEGIN
[0m16:11:43.076633 [debug] [ThreadPool]: DuckDB adapter: Rolling back transaction.
[0m16:11:43.076758 [debug] [ThreadPool]: Opening a new connection, currently in state init
[0m16:11:43.097712 [debug] [ThreadPool]: DuckDB adapter: duckdb error: IO Error: Cannot open file "C:\Users\Gebruiker\Data Architect\.tmp\warehouse.duckdb": The system cannot find the path specified.

[0m16:11:43.097916 [debug] [ThreadPool]: DuckDB adapter: Error running SQL: macro list_relations_without_caching
[0m16:11:43.098064 [debug] [ThreadPool]: DuckDB adapter: Rolling back transaction.
[0m16:11:43.098186 [debug] [ThreadPool]: Opening a new connection, currently in state init
[0m16:11:43.119261 [debug] [MainThread]: Connection 'master' was properly closed.
[0m16:11:43.119452 [debug] [MainThread]: Connection 'list_warehouse_main' was properly closed.
[0m16:11:43.119690 [error] [MainThread]: [[31mERROR[0m]: Encountered an error:
IO Error: Cannot open file "C:\Users\Gebruiker\Data Architect\.tmp\warehouse.duckdb": The system cannot find the path specified.

[0m16:11:43.139468 [error] [MainThread]: Traceback (most recent call last):
  File "C:\Users\Gebruiker\AppData\Local\Python\pythoncore-3.14-64\Lib\site-packages\dbt\adapters\duckdb\connections.py", line 110, in exception_handler
    yield
  File "C:\Users\Gebruiker\AppData\Local\Python\pythoncore-3.14-64\Lib\site-packages\dbt\adapters\sql\connections.py", line 147, in add_query
    cursor = connection.handle.cursor()
             ^^^^^^^^^^^^^^^^^
  File "C:\Users\Gebruiker\AppData\Local\Python\pythoncore-3.14-64\Lib\site-packages\dbt\adapters\contracts\connection.py", line 96, in handle
    self._handle.resolve(self)
    ~~~~~~~~~~~~~~~~~~~~^^^^^^
  File "C:\Users\Gebruiker\AppData\Local\Python\pythoncore-3.14-64\Lib\site-packages\dbt\adapters\contracts\connection.py", line 120, in resolve
    return self.opener(connection)
           ~~~~~~~~~~~^^^^^^^^^^^^
  File "C:\Users\Gebruiker\AppData\Local\Python\pythoncore-3.14-64\Lib\site-packages\dbt\adapters\duckdb\connections.py", line 68, in open
    connection.handle = cls._ENV.handle()
                        ~~~~~~~~~~~~~~~^^
  File "C:\Users\Gebruiker\AppData\Local\Python\pythoncore-3.14-64\Lib\site-packages\dbt\adapters\duckdb\environments\local.py", line 79, in handle
    self.conn = self.initialize_db(self.creds, self._plugins)
                ~~~~~~~~~~~~~~~~~~^^^^^^^^^^^^^^^^^^^^^^^^^^^
  File "C:\Users\Gebruiker\AppData\Local\Python\pythoncore-3.14-64\Lib\site-packages\dbt\adapters\duckdb\environments\__init__.py", line 164, in initialize_db
    conn = duckdb.connect(creds.path, read_only=False, config=config)
_duckdb.IOException: IO Error: Cannot open file "C:\Users\Gebruiker\Data Architect\.tmp\warehouse.duckdb": The system cannot find the path specified.


During handling of the above exception, another exception occurred:

Traceback (most recent call last):
  File "C:\Users\Gebruiker\AppData\Local\Python\pythoncore-3.14-64\Lib\site-packages\dbt\adapters\duckdb\connections.py", line 110, in exception_handler
    yield
  File "C:\Users\Gebruiker\AppData\Local\Python\pythoncore-3.14-64\Lib\site-packages\dbt\adapters\base\impl.py", line 1372, in execute_macro
    result = macro_function(**kwargs)
  File "C:\Users\Gebruiker\AppData\Local\Python\pythoncore-3.14-64\Lib\site-packages\dbt_common\clients\jinja.py", line 427, in __call__
    return self.call_macro(*args, **kwargs)
           ~~~~~~~~~~~~~~~^^^^^^^^^^^^^^^^^
  File "C:\Users\Gebruiker\AppData\Local\Python\pythoncore-3.14-64\Lib\site-packages\dbt_common\clients\jinja.py", line 395, in call_macro
    return macro(*args, **kwargs)
  File "C:\Users\Gebruiker\AppData\Local\Python\pythoncore-3.14-64\Lib\site-packages\jinja2\runtime.py", line 770, in __call__
    return self._invoke(arguments, autoescape)
           ~~~~~~~~~~~~^^^^^^^^^^^^^^^^^^^^^^^
  File "C:\Users\Gebruiker\AppData\Local\Python\pythoncore-3.14-64\Lib\site-packages\jinja2\runtime.py", line 784, in _invoke
    rv = self._func(*arguments)
  File "<template>", line 21, in macro
  File "C:\Users\Gebruiker\AppData\Local\Python\pythoncore-3.14-64\Lib\site-packages\jinja2\sandbox.py", line 401, in call
    return __context.call(__obj, *args, **kwargs)
           ~~~~~~~~~~~~~~^^^^^^^^^^^^^^^^^^^^^^^^
  File "C:\Users\Gebruiker\AppData\Local\Python\pythoncore-3.14-64\Lib\site-packages\jinja2\runtime.py", line 303, in call
    return __obj(*args, **kwargs)
  File "C:\Users\Gebruiker\AppData\Local\Python\pythoncore-3.14-64\Lib\site-packages\dbt\clients\jinja.py", line 151, in __call__
    return self.call_macro(*args, **kwargs)
           ~~~~~~~~~~~~~~~^^^^^^^^^^^^^^^^^
  File "C:\Users\Gebruiker\AppData\Local\Python\pythoncore-3.14-64\Lib\site-packages\dbt_common\clients\jinja.py", line 395, in call_macro
    return macro(*args, **kwargs)
  File "C:\Users\Gebruiker\AppData\Local\Python\pythoncore-3.14-64\Lib\site-packages\jinja2\runtime.py", line 770, in __call__
    return self._invoke(arguments, autoescape)
           ~~~~~~~~~~~~^^^^^^^^^^^^^^^^^^^^^^^
  File "C:\Users\Gebruiker\AppData\Local\Python\pythoncore-3.14-64\Lib\site-packages\jinja2\runtime.py", line 784, in _invoke
    rv = self._func(*arguments)
  File "<template>", line 43, in macro
  File "C:\Users\Gebruiker\AppData\Local\Python\pythoncore-3.14-64\Lib\site-packages\jinja2\sandbox.py", line 401, in call
    return __context.call(__obj, *args, **kwargs)
           ~~~~~~~~~~~~~~^^^^^^^^^^^^^^^^^^^^^^^^
  File "C:\Users\Gebruiker\AppData\Local\Python\pythoncore-3.14-64\Lib\site-packages\jinja2\runtime.py", line 303, in call
    return __obj(*args, **kwargs)
  File "C:\Users\Gebruiker\AppData\Local\Python\pythoncore-3.14-64\Lib\site-packages\dbt\clients\jinja.py", line 151, in __call__
    return self.call_macro(*args, **kwargs)
           ~~~~~~~~~~~~~~~^^^^^^^^^^^^^^^^^
  File "C:\Users\Gebruiker\AppData\Local\Python\pythoncore-3.14-64\Lib\site-packages\dbt_common\clients\jinja.py", line 395, in call_macro
    return macro(*args, **kwargs)
  File "C:\Users\Gebruiker\AppData\Local\Python\pythoncore-3.14-64\Lib\site-packages\jinja2\runtime.py", line 770, in __call__
    return self._invoke(arguments, autoescape)
           ~~~~~~~~~~~~^^^^^^^^^^^^^^^^^^^^^^^
  File "C:\Users\Gebruiker\AppData\Local\Python\pythoncore-3.14-64\Lib\site-packages\jinja2\runtime.py", line 784, in _invoke
    rv = self._func(*arguments)
  File "<template>", line 52, in macro
  File "C:\Users\Gebruiker\AppData\Local\Python\pythoncore-3.14-64\Lib\site-packages\jinja2\sandbox.py", line 401, in call
    return __context.call(__obj, *args, **kwargs)
           ~~~~~~~~~~~~~~^^^^^^^^^^^^^^^^^^^^^^^^
  File "C:\Users\Gebruiker\AppData\Local\Python\pythoncore-3.14-64\Lib\site-packages\jinja2\runtime.py", line 303, in call
    return __obj(*args, **kwargs)
  File "C:\Users\Gebruiker\AppData\Local\Python\pythoncore-3.14-64\Lib\site-packages\dbt_common\record.py", line 538, in record_replay_wrapper
    return func_to_record(*call_args, **kwargs)
  File "C:\Users\Gebruiker\AppData\Local\Python\pythoncore-3.14-64\Lib\site-packages\dbt\adapters\base\impl.py", line 523, in execute
    return self.connections.execute(sql=sql, auto_begin=auto_begin, fetch=fetch, limit=limit)
           ~~~~~~~~~~~~~~~~~~~~~~~~^^^^^^^^^^^^^^^^^^^^^^^^^^^^^^^^^^^^^^^^^^^^^^^^^^^^^^^^^^
  File "C:\Users\Gebruiker\AppData\Local\Python\pythoncore-3.14-64\Lib\site-packages\dbt\adapters\duckdb\connections.py", line 145, in execute
    return super().execute(sql, auto_begin, fetch, limit)
           ~~~~~~~~~~~~~~~^^^^^^^^^^^^^^^^^^^^^^^^^^^^^^^
  File "C:\Users\Gebruiker\AppData\Local\Python\pythoncore-3.14-64\Lib\site-packages\dbt\adapters\sql\connections.py", line 219, in execute
    _, cursor = self.add_query(sql, auto_begin)
                ~~~~~~~~~~~~~~^^^^^^^^^^^^^^^^^
  File "C:\Users\Gebruiker\AppData\Local\Python\pythoncore-3.14-64\Lib\site-packages\dbt\adapters\sql\connections.py", line 122, in add_query
    self.begin()
    ~~~~~~~~~~^^
  File "C:\Users\Gebruiker\AppData\Local\Python\pythoncore-3.14-64\Lib\site-packages\dbt\adapters\sql\connections.py", line 245, in begin
    self.add_begin_query()
    ~~~~~~~~~~~~~~~~~~~~^^
  File "C:\Users\Gebruiker\AppData\Local\Python\pythoncore-3.14-64\Lib\site-packages\dbt\adapters\sql\connections.py", line 228, in add_begin_query
    return self.add_query("BEGIN", auto_begin=False)
           ~~~~~~~~~~~~~~^^^^^^^^^^^^^^^^^^^^^^^^^^^
  File "C:\Users\Gebruiker\AppData\Local\Python\pythoncore-3.14-64\Lib\site-packages\dbt\adapters\sql\connections.py", line 131, in add_query
    with self.exception_handler(sql):
         ~~~~~~~~~~~~~~~~~~~~~~^^^^^
  File "C:\Users\Gebruiker\AppData\Local\Python\pythoncore-3.14-64\Lib\contextlib.py", line 162, in __exit__
    self.gen.throw(value)
    ~~~~~~~~~~~~~~^^^^^^^
  File "C:\Users\Gebruiker\AppData\Local\Python\pythoncore-3.14-64\Lib\site-packages\dbt\adapters\duckdb\connections.py", line 117, in exception_handler
    self.rollback_if_open()
    ~~~~~~~~~~~~~~~~~~~~~^^
  File "C:\Users\Gebruiker\AppData\Local\Python\pythoncore-3.14-64\Lib\site-packages\dbt\adapters\base\connections.py", line 125, in rollback_if_open
    if conn is not None and conn.handle and conn.transaction_open:
                            ^^^^^^^^^^^
  File "C:\Users\Gebruiker\AppData\Local\Python\pythoncore-3.14-64\Lib\site-packages\dbt\adapters\contracts\connection.py", line 96, in handle
    self._handle.resolve(self)
    ~~~~~~~~~~~~~~~~~~~~^^^^^^
  File "C:\Users\Gebruiker\AppData\Local\Python\pythoncore-3.14-64\Lib\site-packages\dbt\adapters\contracts\connection.py", line 120, in resolve
    return self.opener(connection)
           ~~~~~~~~~~~^^^^^^^^^^^^
  File "C:\Users\Gebruiker\AppData\Local\Python\pythoncore-3.14-64\Lib\site-packages\dbt\adapters\duckdb\connections.py", line 68, in open
    connection.handle = cls._ENV.handle()
                        ~~~~~~~~~~~~~~~^^
  File "C:\Users\Gebruiker\AppData\Local\Python\pythoncore-3.14-64\Lib\site-packages\dbt\adapters\duckdb\environments\local.py", line 79, in handle
    self.conn = self.initialize_db(self.creds, self._plugins)
                ~~~~~~~~~~~~~~~~~~^^^^^^^^^^^^^^^^^^^^^^^^^^^
  File "C:\Users\Gebruiker\AppData\Local\Python\pythoncore-3.14-64\Lib\site-packages\dbt\adapters\duckdb\environments\__init__.py", line 164, in initialize_db
    conn = duckdb.connect(creds.path, read_only=False, config=config)
_duckdb.IOException: IO Error: Cannot open file "C:\Users\Gebruiker\Data Architect\.tmp\warehouse.duckdb": The system cannot find the path specified.


During handling of the above exception, another exception occurred:

Traceback (most recent call last):
  File "C:\Users\Gebruiker\AppData\Local\Python\pythoncore-3.14-64\Lib\site-packages\dbt\cli\requires.py", line 198, in wrapper
    result, success = func(*args, **kwargs)
                      ~~~~^^^^^^^^^^^^^^^^^
  File "C:\Users\Gebruiker\AppData\Local\Python\pythoncore-3.14-64\Lib\site-packages\dbt\cli\requires.py", line 144, in wrapper
    return func(*args, **kwargs)
  File "C:\Users\Gebruiker\AppData\Local\Python\pythoncore-3.14-64\Lib\site-packages\dbt\cli\requires.py", line 295, in wrapper
    return func(*args, **kwargs)
  File "C:\Users\Gebruiker\AppData\Local\Python\pythoncore-3.14-64\Lib\site-packages\dbt\cli\requires.py", line 340, in wrapper
    return func(*args, **kwargs)
  File "C:\Users\Gebruiker\AppData\Local\Python\pythoncore-3.14-64\Lib\site-packages\dbt\cli\requires.py", line 387, in wrapper
    return func(*args, **kwargs)
  File "C:\Users\Gebruiker\AppData\Local\Python\pythoncore-3.14-64\Lib\site-packages\dbt\cli\requires.py", line 404, in wrapper
    return func(*args, **kwargs)
  File "C:\Users\Gebruiker\AppData\Local\Python\pythoncore-3.14-64\Lib\site-packages\dbt\cli\main.py", line 365, in compile
    results = task.run()
  File "C:\Users\Gebruiker\AppData\Local\Python\pythoncore-3.14-64\Lib\site-packages\dbt\task\runnable.py", line 775, in run
    result = self.execute_with_hooks(selected_uids)
  File "C:\Users\Gebruiker\AppData\Local\Python\pythoncore-3.14-64\Lib\site-packages\dbt\task\runnable.py", line 701, in execute_with_hooks
    before_run_status = self.before_run(adapter, selected_uids)
  File "C:\Users\Gebruiker\AppData\Local\Python\pythoncore-3.14-64\Lib\site-packages\dbt\task\runnable.py", line 677, in before_run
    self.populate_adapter_cache(adapter)
    ~~~~~~~~~~~~~~~~~~~~~~~~~~~^^^^^^^^^
  File "C:\Users\Gebruiker\AppData\Local\Python\pythoncore-3.14-64\Lib\site-packages\dbt\task\runnable.py", line 666, in populate_adapter_cache
    adapter.set_relations_cache(cachable_nodes)
    ~~~~~~~~~~~~~~~~~~~~~~~~~~~^^^^^^^^^^^^^^^^
  File "C:\Users\Gebruiker\AppData\Local\Python\pythoncore-3.14-64\Lib\site-packages\dbt\adapters\base\impl.py", line 703, in set_relations_cache
    self._relations_cache_for_schemas(relation_configs, required_schemas)
    ~~~~~~~~~~~~~~~~~~~~~~~~~~~~~~~~~^^^^^^^^^^^^^^^^^^^^^^^^^^^^^^^^^^^^
  File "C:\Users\Gebruiker\AppData\Local\Python\pythoncore-3.14-64\Lib\site-packages\dbt\adapters\base\impl.py", line 679, in _relations_cache_for_schemas
    for relation in future.result():
                    ~~~~~~~~~~~~~^^
  File "C:\Users\Gebruiker\AppData\Local\Python\pythoncore-3.14-64\Lib\concurrent\futures\_base.py", line 447, in result
    return self.__get_result()
           ~~~~~~~~~~~~~~~~~^^
  File "C:\Users\Gebruiker\AppData\Local\Python\pythoncore-3.14-64\Lib\concurrent\futures\_base.py", line 396, in __get_result
    raise self._exception
  File "C:\Users\Gebruiker\AppData\Local\Python\pythoncore-3.14-64\Lib\concurrent\futures\thread.py", line 86, in run
    result = ctx.run(self.task)
  File "C:\Users\Gebruiker\AppData\Local\Python\pythoncore-3.14-64\Lib\concurrent\futures\thread.py", line 73, in run
    return fn(*args, **kwargs)
  File "C:\Users\Gebruiker\AppData\Local\Python\pythoncore-3.14-64\Lib\site-packages\dbt_common\utils\executor.py", line 20, in connected
    return func(*args, **kwargs)
  File "C:\Users\Gebruiker\AppData\Local\Python\pythoncore-3.14-64\Lib\site-packages\dbt\adapters\sql\impl.py", line 194, in list_relations_without_caching
    results = self.execute_macro(LIST_RELATIONS_MACRO_NAME, kwargs=kwargs)
  File "C:\Users\Gebruiker\AppData\Local\Python\pythoncore-3.14-64\Lib\site-packages\dbt\adapters\base\impl.py", line 1371, in execute_macro
    with self.connections.exception_handler(f"macro {macro_name}"):
         ~~~~~~~~~~~~~~~~~~~~~~~~~~~~~~~~~~^^^^^^^^^^^^^^^^^^^^^^^
  File "C:\Users\Gebruiker\AppData\Local\Python\pythoncore-3.14-64\Lib\contextlib.py", line 162, in __exit__
    self.gen.throw(value)
    ~~~~~~~~~~~~~~^^^^^^^
  File "C:\Users\Gebruiker\AppData\Local\Python\pythoncore-3.14-64\Lib\site-packages\dbt\adapters\duckdb\connections.py", line 117, in exception_handler
    self.rollback_if_open()
    ~~~~~~~~~~~~~~~~~~~~~^^
  File "C:\Users\Gebruiker\AppData\Local\Python\pythoncore-3.14-64\Lib\site-packages\dbt\adapters\base\connections.py", line 125, in rollback_if_open
    if conn is not None and conn.handle and conn.transaction_open:
                            ^^^^^^^^^^^
  File "C:\Users\Gebruiker\AppData\Local\Python\pythoncore-3.14-64\Lib\site-packages\dbt\adapters\contracts\connection.py", line 96, in handle
    self._handle.resolve(self)
    ~~~~~~~~~~~~~~~~~~~~^^^^^^
  File "C:\Users\Gebruiker\AppData\Local\Python\pythoncore-3.14-64\Lib\site-packages\dbt\adapters\contracts\connection.py", line 120, in resolve
    return self.opener(connection)
           ~~~~~~~~~~~^^^^^^^^^^^^
  File "C:\Users\Gebruiker\AppData\Local\Python\pythoncore-3.14-64\Lib\site-packages\dbt\adapters\duckdb\connections.py", line 68, in open
    connection.handle = cls._ENV.handle()
                        ~~~~~~~~~~~~~~~^^
  File "C:\Users\Gebruiker\AppData\Local\Python\pythoncore-3.14-64\Lib\site-packages\dbt\adapters\duckdb\environments\local.py", line 79, in handle
    self.conn = self.initialize_db(self.creds, self._plugins)
                ~~~~~~~~~~~~~~~~~~^^^^^^^^^^^^^^^^^^^^^^^^^^^
  File "C:\Users\Gebruiker\AppData\Local\Python\pythoncore-3.14-64\Lib\site-packages\dbt\adapters\duckdb\environments\__init__.py", line 164, in initialize_db
    conn = duckdb.connect(creds.path, read_only=False, config=config)
_duckdb.IOException: IO Error: Cannot open file "C:\Users\Gebruiker\Data Architect\.tmp\warehouse.duckdb": The system cannot find the path specified.


[0m16:11:43.140532 [debug] [MainThread]: Command `dbt compile` failed at 16:11:43.140453 after 2.83 seconds
[0m16:11:43.140742 [debug] [MainThread]: Sending event: {'category': 'dbt', 'action': 'invocation', 'label': 'end', 'context': [<snowplow_tracker.self_describing_json.SelfDescribingJson object at 0x000001BC70A5C110>, <snowplow_tracker.self_describing_json.SelfDescribingJson object at 0x000001BC7071C9F0>, <snowplow_tracker.self_describing_json.SelfDescribingJson object at 0x000001BC7071CCB0>]}
[0m16:11:43.140960 [debug] [MainThread]: Flushing usage events
[0m16:11:43.562941 [debug] [MainThread]: An error was encountered while trying to flush usage events
[0m16:12:03.419445 [debug] [MainThread]: Sending event: {'category': 'dbt', 'action': 'invocation', 'label': 'start', 'context': [<snowplow_tracker.self_describing_json.SelfDescribingJson object at 0x000001C15ABF6120>, <snowplow_tracker.self_describing_json.SelfDescribingJson object at 0x000001C158778CD0>, <snowplow_tracker.self_describing_json.SelfDescribingJson object at 0x000001C15D5C39D0>]}


============================== 16:12:03.422000 | 2ecfd7fa-fab2-4c03-9fbc-d8bd9dd8b1c3 ==============================
[0m16:12:03.422000 [info ] [MainThread]: Running with dbt=1.12.5
[0m16:12:03.422532 [debug] [MainThread]: running dbt with arguments {'maximum_seed_size_mib': '1', 'no_print': 'None', 'static_parser': 'True', 'warn_error_options': 'WarnErrorOptionsV2(error=[], warn=[], silence=[])', 'version_check': 'True', 'target_path': 'None', 'printer_width': '80', 'write_json': 'True', 'empty': 'False', 'log_cache_events': 'False', 'introspect': 'True', 'cache_selected_only': 'False', 'fail_fast': 'False', 'debug': 'False', 'log_format': 'default', 'partial_parse': 'True', 'send_anonymous_usage_stats': 'True', 'quiet': 'False', 'warn_error': 'None', 'profiles_dir': '.', 'indirect_selection': 'eager', 'hints_enabled': 'True', 'use_colors': 'True', 'use_experimental_parser': 'False', 'invocation_command': 'dbt compile --profiles-dir .', 'log_path': 'C:\\Users\\Gebruiker\\Data Architect\\dbt_transforms\\logs'}
[0m16:12:03.545768 [debug] [MainThread]: Sending event: {'category': 'dbt', 'action': 'project_id', 'label': '2ecfd7fa-fab2-4c03-9fbc-d8bd9dd8b1c3', 'context': [<snowplow_tracker.self_describing_json.SelfDescribingJson object at 0x000001C15D64AFD0>]}
[0m16:12:03.577383 [debug] [MainThread]: Sending event: {'category': 'dbt', 'action': 'adapter_info', 'label': '2ecfd7fa-fab2-4c03-9fbc-d8bd9dd8b1c3', 'context': [<snowplow_tracker.self_describing_json.SelfDescribingJson object at 0x000001C15B7E5D00>]}
[0m16:12:03.578794 [info ] [MainThread]: Registered adapter: duckdb=1.11.0
[0m16:12:03.693647 [debug] [MainThread]: checksum: c9f9e136216c1ef20ffad90a0f58ccdb6fce820aa067ea37b8aafc9294c69e6d, vars: {}, profile: enterprise_data_platform, target: dev, version: 1.12.5
[0m16:12:03.763007 [debug] [MainThread]: Partial parsing enabled: 0 files deleted, 0 files added, 0 files changed.
[0m16:12:03.763197 [debug] [MainThread]: Nothing changed, skipping partial parsing.
[0m16:12:03.763329 [debug] [MainThread]: Partial parsing enabled, no changes found, skipping parsing
[0m16:12:03.768459 [debug] [MainThread]: Sending event: {'category': 'dbt', 'action': 'load_project', 'label': '2ecfd7fa-fab2-4c03-9fbc-d8bd9dd8b1c3', 'context': [<snowplow_tracker.self_describing_json.SelfDescribingJson object at 0x000001C15DCF8550>]}
[0m16:12:03.824062 [debug] [MainThread]: Wrote artifact WritableManifest to C:\Users\Gebruiker\Data Architect\dbt_transforms\target\manifest.json
[0m16:12:03.825906 [debug] [MainThread]: Wrote artifact SemanticManifest to C:\Users\Gebruiker\Data Architect\dbt_transforms\target\semantic_manifest.json
[0m16:12:03.841250 [debug] [MainThread]: Wrote artifact OsiDocument to C:\Users\Gebruiker\Data Architect\dbt_transforms\target\osi_document.json
[0m16:12:03.847703 [debug] [MainThread]: Sending event: {'category': 'dbt', 'action': 'resource_counts', 'label': '2ecfd7fa-fab2-4c03-9fbc-d8bd9dd8b1c3', 'context': [<snowplow_tracker.self_describing_json.SelfDescribingJson object at 0x000001C15DDA76B0>]}
[0m16:12:03.847938 [info ] [MainThread]: Found 4 models, 1 snapshot, 500 macros
[0m16:12:03.848199 [debug] [MainThread]: Sending event: {'category': 'dbt', 'action': 'runnable_timing', 'label': '2ecfd7fa-fab2-4c03-9fbc-d8bd9dd8b1c3', 'context': [<snowplow_tracker.self_describing_json.SelfDescribingJson object at 0x000001C15DDC5FD0>]}
[0m16:12:03.849321 [info ] [MainThread]: 
[0m16:12:03.849659 [info ] [MainThread]: Concurrency: 4 threads (target='dev')
[0m16:12:03.850022 [info ] [MainThread]: 
[0m16:12:03.850506 [debug] [MainThread]: Acquiring new duckdb connection 'master'
[0m16:12:03.853081 [debug] [ThreadPool]: Acquiring new duckdb connection 'list_warehouse_main'
[0m16:12:03.885961 [debug] [ThreadPool]: Using duckdb connection "list_warehouse_main"
[0m16:12:03.886159 [debug] [ThreadPool]: On list_warehouse_main: BEGIN
[0m16:12:03.886293 [debug] [ThreadPool]: Opening a new connection, currently in state init
[0m16:12:03.898410 [debug] [ThreadPool]: SQL status: OK in 0.012 seconds
[0m16:12:03.898609 [debug] [ThreadPool]: Using duckdb connection "list_warehouse_main"
[0m16:12:03.898754 [debug] [ThreadPool]: On list_warehouse_main: /* {"app": "dbt", "dbt_version": "1.12.5", "profile_name": "enterprise_data_platform", "target_name": "dev", "connection_name": "list_warehouse_main"} */
select
      'warehouse' as database,
      table_name as name,
      table_schema as schema,
      CASE table_type
        WHEN 'BASE TABLE' THEN 'table'
        WHEN 'VIEW' THEN 'view'
        WHEN 'LOCAL TEMPORARY' THEN 'table'
        END as type
    from system.information_schema.tables
    where lower(table_schema) = 'main'
    and lower(table_catalog) = 'warehouse'
  
[0m16:12:03.901611 [debug] [ThreadPool]: SQL status: OK in 0.003 seconds
[0m16:12:03.902266 [debug] [ThreadPool]: On list_warehouse_main: ROLLBACK
[0m16:12:03.902574 [debug] [ThreadPool]: On list_warehouse_main: Close
[0m16:12:03.902991 [debug] [MainThread]: Sending event: {'category': 'dbt', 'action': 'runnable_timing', 'label': '2ecfd7fa-fab2-4c03-9fbc-d8bd9dd8b1c3', 'context': [<snowplow_tracker.self_describing_json.SelfDescribingJson object at 0x000001C15DB63A00>]}
[0m16:12:03.917013 [debug] [Thread-1 (]: Began running node model.enterprise_data_platform.silver_customers
[0m16:12:03.917555 [debug] [Thread-1 (]: Acquiring new duckdb connection 'model.enterprise_data_platform.silver_customers'
[0m16:12:03.917739 [debug] [Thread-1 (]: Began compiling node model.enterprise_data_platform.silver_customers
[0m16:12:03.920279 [debug] [Thread-1 (]: Writing injected SQL for node "model.enterprise_data_platform.silver_customers"
[0m16:12:03.917264 [debug] [Thread-2 (]: Began running node model.enterprise_data_platform.silver_orders
[0m16:12:03.920653 [debug] [Thread-2 (]: Acquiring new duckdb connection 'model.enterprise_data_platform.silver_orders'
[0m16:12:03.920854 [debug] [Thread-2 (]: Began compiling node model.enterprise_data_platform.silver_orders
[0m16:12:03.921269 [debug] [Thread-2 (]: Writing injected SQL for node "model.enterprise_data_platform.silver_orders"
[0m16:12:03.922736 [debug] [Thread-2 (]: Began executing node model.enterprise_data_platform.silver_orders
[0m16:12:03.923115 [debug] [Thread-2 (]: Finished running node model.enterprise_data_platform.silver_orders
[0m16:12:03.923450 [debug] [Thread-3 (]: Began running node model.enterprise_data_platform.fct_orders
[0m16:12:03.923736 [debug] [Thread-3 (]: Acquiring new duckdb connection 'model.enterprise_data_platform.fct_orders'
[0m16:12:03.924159 [debug] [Thread-3 (]: Began compiling node model.enterprise_data_platform.fct_orders
[0m16:12:03.925114 [debug] [Thread-3 (]: Writing injected SQL for node "model.enterprise_data_platform.fct_orders"
[0m16:12:03.923933 [debug] [Thread-1 (]: Began executing node model.enterprise_data_platform.silver_customers
[0m16:12:03.925569 [debug] [Thread-1 (]: Finished running node model.enterprise_data_platform.silver_customers
[0m16:12:03.925899 [debug] [Thread-4 (]: Began running node model.enterprise_data_platform.dim_customers
[0m16:12:03.926462 [debug] [Thread-4 (]: Acquiring new duckdb connection 'model.enterprise_data_platform.dim_customers'
[0m16:12:03.926662 [debug] [Thread-4 (]: Began compiling node model.enterprise_data_platform.dim_customers
[0m16:12:03.929349 [debug] [Thread-4 (]: Writing injected SQL for node "model.enterprise_data_platform.dim_customers"
[0m16:12:03.926158 [debug] [Thread-2 (]: Began running node snapshot.enterprise_data_platform.snap_customers
[0m16:12:03.929787 [debug] [Thread-2 (]: Re-using an available connection from the pool (formerly model.enterprise_data_platform.silver_orders, now snapshot.enterprise_data_platform.snap_customers)
[0m16:12:03.930181 [debug] [Thread-2 (]: Began compiling node snapshot.enterprise_data_platform.snap_customers
[0m16:12:03.931478 [debug] [Thread-2 (]: Writing injected SQL for node "snapshot.enterprise_data_platform.snap_customers"
[0m16:12:03.931818 [debug] [Thread-3 (]: Began executing node model.enterprise_data_platform.fct_orders
[0m16:12:03.932487 [debug] [Thread-3 (]: Finished running node model.enterprise_data_platform.fct_orders
[0m16:12:03.932058 [debug] [Thread-4 (]: Began executing node model.enterprise_data_platform.dim_customers
[0m16:12:03.932872 [debug] [Thread-4 (]: Finished running node model.enterprise_data_platform.dim_customers
[0m16:12:03.933313 [debug] [Thread-2 (]: Began executing node snapshot.enterprise_data_platform.snap_customers
[0m16:12:03.933654 [debug] [Thread-2 (]: Finished running node snapshot.enterprise_data_platform.snap_customers
[0m16:12:03.934287 [debug] [MainThread]: Connection 'master' was properly closed.
[0m16:12:03.934461 [debug] [MainThread]: Connection 'list_warehouse_main' was properly closed.
[0m16:12:03.934576 [debug] [MainThread]: Connection 'model.enterprise_data_platform.silver_customers' was properly closed.
[0m16:12:03.934677 [debug] [MainThread]: Connection 'snapshot.enterprise_data_platform.snap_customers' was properly closed.
[0m16:12:03.934772 [debug] [MainThread]: Connection 'model.enterprise_data_platform.fct_orders' was properly closed.
[0m16:12:03.934866 [debug] [MainThread]: Connection 'model.enterprise_data_platform.dim_customers' was properly closed.
[0m16:12:03.935314 [debug] [MainThread]: Command end result
[0m16:12:03.950319 [debug] [MainThread]: Wrote artifact WritableManifest to C:\Users\Gebruiker\Data Architect\dbt_transforms\target\manifest.json
[0m16:12:03.952122 [debug] [MainThread]: Wrote artifact SemanticManifest to C:\Users\Gebruiker\Data Architect\dbt_transforms\target\semantic_manifest.json
[0m16:12:03.953931 [debug] [MainThread]: Wrote artifact OsiDocument to C:\Users\Gebruiker\Data Architect\dbt_transforms\target\osi_document.json
[0m16:12:03.958209 [debug] [MainThread]: Wrote artifact RunExecutionResult to C:\Users\Gebruiker\Data Architect\dbt_transforms\target\run_results.json
[0m16:12:03.958710 [debug] [MainThread]: Command `dbt compile` succeeded at 16:12:03.958650 after 0.62 seconds
[0m16:12:03.958894 [debug] [MainThread]: Sending event: {'category': 'dbt', 'action': 'invocation', 'label': 'end', 'context': [<snowplow_tracker.self_describing_json.SelfDescribingJson object at 0x000001C15E0CCDD0>, <snowplow_tracker.self_describing_json.SelfDescribingJson object at 0x000001C15E02D650>, <snowplow_tracker.self_describing_json.SelfDescribingJson object at 0x000001C15E02D230>]}
[0m16:12:03.959062 [debug] [MainThread]: Flushing usage events
[0m16:12:04.331271 [debug] [MainThread]: An error was encountered while trying to flush usage events
[0m16:12:12.127623 [debug] [MainThread]: Sending event: {'category': 'dbt', 'action': 'invocation', 'label': 'start', 'context': [<snowplow_tracker.self_describing_json.SelfDescribingJson object at 0x000002665B416120>, <snowplow_tracker.self_describing_json.SelfDescribingJson object at 0x0000026658FA8CD0>, <snowplow_tracker.self_describing_json.SelfDescribingJson object at 0x000002665DDDF9D0>]}


============================== 16:12:12.130068 | 18fecb00-ecb9-4cd8-a4f0-d203e3e45e0c ==============================
[0m16:12:12.130068 [info ] [MainThread]: Running with dbt=1.12.5
[0m16:12:12.130442 [debug] [MainThread]: running dbt with arguments {'maximum_seed_size_mib': '1', 'no_print': 'None', 'static_parser': 'True', 'target_path': 'None', 'version_check': 'True', 'warn_error_options': 'WarnErrorOptionsV2(error=[], warn=[], silence=[])', 'printer_width': '80', 'write_json': 'True', 'introspect': 'True', 'log_cache_events': 'False', 'empty': 'False', 'cache_selected_only': 'False', 'fail_fast': 'False', 'debug': 'False', 'log_format': 'default', 'partial_parse': 'True', 'send_anonymous_usage_stats': 'True', 'quiet': 'False', 'warn_error': 'None', 'profiles_dir': '.', 'use_colors': 'True', 'hints_enabled': 'True', 'indirect_selection': 'eager', 'use_experimental_parser': 'False', 'invocation_command': 'dbt snapshot --profiles-dir .', 'log_path': 'C:\\Users\\Gebruiker\\Data Architect\\dbt_transforms\\logs'}
[0m16:12:12.253391 [debug] [MainThread]: Sending event: {'category': 'dbt', 'action': 'project_id', 'label': '18fecb00-ecb9-4cd8-a4f0-d203e3e45e0c', 'context': [<snowplow_tracker.self_describing_json.SelfDescribingJson object at 0x000002665DE6AFD0>]}
[0m16:12:12.285206 [debug] [MainThread]: Sending event: {'category': 'dbt', 'action': 'adapter_info', 'label': '18fecb00-ecb9-4cd8-a4f0-d203e3e45e0c', 'context': [<snowplow_tracker.self_describing_json.SelfDescribingJson object at 0x000002665C005D00>]}
[0m16:12:12.286660 [info ] [MainThread]: Registered adapter: duckdb=1.11.0
[0m16:12:12.403362 [debug] [MainThread]: checksum: c9f9e136216c1ef20ffad90a0f58ccdb6fce820aa067ea37b8aafc9294c69e6d, vars: {}, profile: enterprise_data_platform, target: dev, version: 1.12.5
[0m16:12:12.465331 [debug] [MainThread]: Partial parsing enabled: 0 files deleted, 0 files added, 0 files changed.
[0m16:12:12.465518 [debug] [MainThread]: Nothing changed, skipping partial parsing.
[0m16:12:12.465646 [debug] [MainThread]: Partial parsing enabled, no changes found, skipping parsing
[0m16:12:12.470620 [debug] [MainThread]: Sending event: {'category': 'dbt', 'action': 'load_project', 'label': '18fecb00-ecb9-4cd8-a4f0-d203e3e45e0c', 'context': [<snowplow_tracker.self_describing_json.SelfDescribingJson object at 0x000002665E574550>]}
[0m16:12:12.526147 [debug] [MainThread]: Wrote artifact WritableManifest to C:\Users\Gebruiker\Data Architect\dbt_transforms\target\manifest.json
[0m16:12:12.527991 [debug] [MainThread]: Wrote artifact SemanticManifest to C:\Users\Gebruiker\Data Architect\dbt_transforms\target\semantic_manifest.json
[0m16:12:12.542431 [debug] [MainThread]: Wrote artifact OsiDocument to C:\Users\Gebruiker\Data Architect\dbt_transforms\target\osi_document.json
[0m16:12:12.549652 [debug] [MainThread]: Sending event: {'category': 'dbt', 'action': 'resource_counts', 'label': '18fecb00-ecb9-4cd8-a4f0-d203e3e45e0c', 'context': [<snowplow_tracker.self_describing_json.SelfDescribingJson object at 0x000002665E61FC50>]}
[0m16:12:12.549894 [info ] [MainThread]: Found 4 models, 1 snapshot, 500 macros
[0m16:12:12.550133 [debug] [MainThread]: Sending event: {'category': 'dbt', 'action': 'runnable_timing', 'label': '18fecb00-ecb9-4cd8-a4f0-d203e3e45e0c', 'context': [<snowplow_tracker.self_describing_json.SelfDescribingJson object at 0x000002665E62ADD0>]}
[0m16:12:12.551244 [info ] [MainThread]: 
[0m16:12:12.551520 [info ] [MainThread]: Concurrency: 4 threads (target='dev')
[0m16:12:12.551725 [info ] [MainThread]: 
[0m16:12:12.551996 [debug] [MainThread]: Acquiring new duckdb connection 'master'
[0m16:12:12.552553 [debug] [ThreadPool]: Acquiring new duckdb connection 'list_warehouse'
[0m16:12:12.587272 [debug] [ThreadPool]: Using duckdb connection "list_warehouse"
[0m16:12:12.587475 [debug] [ThreadPool]: On list_warehouse: /* {"app": "dbt", "dbt_version": "1.12.5", "profile_name": "enterprise_data_platform", "target_name": "dev", "connection_name": "list_warehouse"} */

    
    select schema_name
    from system.information_schema.schemata
    
    where lower(catalog_name) = '"warehouse"'
    
  
  
[0m16:12:12.587625 [debug] [ThreadPool]: Opening a new connection, currently in state init
[0m16:12:12.600047 [debug] [ThreadPool]: SQL status: OK in 0.012 seconds
[0m16:12:12.600671 [debug] [ThreadPool]: On list_warehouse: Close
[0m16:12:12.601025 [debug] [ThreadPool]: Re-using an available connection from the pool (formerly list_warehouse, now create_warehouse_main)
[0m16:12:12.601303 [debug] [ThreadPool]: Creating schema "database: "warehouse"
schema: "main"
"
[0m16:12:12.604930 [debug] [ThreadPool]: Using duckdb connection "create_warehouse_main"
[0m16:12:12.605122 [debug] [ThreadPool]: On create_warehouse_main: /* {"app": "dbt", "dbt_version": "1.12.5", "profile_name": "enterprise_data_platform", "target_name": "dev", "connection_name": "create_warehouse_main"} */

    
        select type from duckdb_databases()
        where lower(database_name)='warehouse'
        and type != 'duckdb'
    
  
[0m16:12:12.605254 [debug] [ThreadPool]: Opening a new connection, currently in state closed
[0m16:12:12.605819 [debug] [ThreadPool]: SQL status: OK in 0.001 seconds
[0m16:12:12.606383 [debug] [ThreadPool]: Using duckdb connection "create_warehouse_main"
[0m16:12:12.606534 [debug] [ThreadPool]: On create_warehouse_main: BEGIN
[0m16:12:12.606763 [debug] [ThreadPool]: SQL status: OK in 0.000 seconds
[0m16:12:12.606900 [debug] [ThreadPool]: Using duckdb connection "create_warehouse_main"
[0m16:12:12.607013 [debug] [ThreadPool]: On create_warehouse_main: /* {"app": "dbt", "dbt_version": "1.12.5", "profile_name": "enterprise_data_platform", "target_name": "dev", "connection_name": "create_warehouse_main"} */

    
    
        create schema if not exists "warehouse"."main"
    
[0m16:12:12.607287 [debug] [ThreadPool]: SQL status: OK in 0.000 seconds
[0m16:12:12.607651 [debug] [ThreadPool]: On create_warehouse_main: COMMIT
[0m16:12:12.607795 [debug] [ThreadPool]: Using duckdb connection "create_warehouse_main"
[0m16:12:12.607910 [debug] [ThreadPool]: On create_warehouse_main: COMMIT
[0m16:12:12.608123 [debug] [ThreadPool]: SQL status: OK in 0.000 seconds
[0m16:12:12.608268 [debug] [ThreadPool]: On create_warehouse_main: Close
[0m16:12:12.611026 [debug] [ThreadPool]: Acquiring new duckdb connection 'list_warehouse_main'
[0m16:12:12.613759 [debug] [ThreadPool]: Using duckdb connection "list_warehouse_main"
[0m16:12:12.614112 [debug] [ThreadPool]: On list_warehouse_main: BEGIN
[0m16:12:12.614242 [debug] [ThreadPool]: Opening a new connection, currently in state init
[0m16:12:12.614558 [debug] [ThreadPool]: SQL status: OK in 0.000 seconds
[0m16:12:12.614705 [debug] [ThreadPool]: Using duckdb connection "list_warehouse_main"
[0m16:12:12.614823 [debug] [ThreadPool]: On list_warehouse_main: /* {"app": "dbt", "dbt_version": "1.12.5", "profile_name": "enterprise_data_platform", "target_name": "dev", "connection_name": "list_warehouse_main"} */
select
      'warehouse' as database,
      table_name as name,
      table_schema as schema,
      CASE table_type
        WHEN 'BASE TABLE' THEN 'table'
        WHEN 'VIEW' THEN 'view'
        WHEN 'LOCAL TEMPORARY' THEN 'table'
        END as type
    from system.information_schema.tables
    where lower(table_schema) = 'main'
    and lower(table_catalog) = 'warehouse'
  
[0m16:12:12.616910 [debug] [ThreadPool]: SQL status: OK in 0.002 seconds
[0m16:12:12.617469 [debug] [ThreadPool]: On list_warehouse_main: ROLLBACK
[0m16:12:12.617743 [debug] [ThreadPool]: On list_warehouse_main: Close
[0m16:12:12.618089 [debug] [MainThread]: Sending event: {'category': 'dbt', 'action': 'runnable_timing', 'label': '18fecb00-ecb9-4cd8-a4f0-d203e3e45e0c', 'context': [<snowplow_tracker.self_describing_json.SelfDescribingJson object at 0x000002665E875710>]}
[0m16:12:12.618312 [debug] [MainThread]: Using duckdb connection "master"
[0m16:12:12.618439 [debug] [MainThread]: On master: BEGIN
[0m16:12:12.618545 [debug] [MainThread]: Opening a new connection, currently in state init
[0m16:12:12.618784 [debug] [MainThread]: SQL status: OK in 0.000 seconds
[0m16:12:12.618926 [debug] [MainThread]: On master: COMMIT
[0m16:12:12.619036 [debug] [MainThread]: Using duckdb connection "master"
[0m16:12:12.619139 [debug] [MainThread]: On master: COMMIT
[0m16:12:12.619376 [debug] [MainThread]: SQL status: OK in 0.000 seconds
[0m16:12:12.619562 [debug] [MainThread]: On master: Close
[0m16:12:12.621548 [debug] [Thread-1 (]: Began running node snapshot.enterprise_data_platform.snap_customers
[0m16:12:12.621816 [info ] [Thread-1 (]: 1 of 1 START snapshot main.snap_customers ...................................... [RUN]
[0m16:12:12.622291 [debug] [Thread-1 (]: Acquiring new duckdb connection 'snapshot.enterprise_data_platform.snap_customers'
[0m16:12:12.622647 [debug] [Thread-1 (]: Began compiling node snapshot.enterprise_data_platform.snap_customers
[0m16:12:12.627724 [debug] [Thread-1 (]: Writing injected SQL for node "snapshot.enterprise_data_platform.snap_customers"
[0m16:12:12.628281 [debug] [Thread-1 (]: Began executing node snapshot.enterprise_data_platform.snap_customers
[0m16:12:12.659380 [debug] [Thread-1 (]: Using duckdb connection "snapshot.enterprise_data_platform.snap_customers"
[0m16:12:12.659639 [debug] [Thread-1 (]: On snapshot.enterprise_data_platform.snap_customers: /* {"app": "dbt", "dbt_version": "1.12.5", "profile_name": "enterprise_data_platform", "target_name": "dev", "node_id": "snapshot.enterprise_data_platform.snap_customers"} */
DESCRIBE (select * from (
        
    

    select *,
        md5(coalesce(cast(customer_id as varchar ), '')
         || '|' || coalesce(cast(updated_at as varchar ), '')
        ) as dbt_scd_id,
        updated_at as dbt_updated_at,
        updated_at as dbt_valid_from,
        
  
  coalesce(nullif(updated_at, updated_at), null)
  as dbt_valid_to
from (
        
    

    select
        customer_id,
        customer_name,
        customer_tier,
        billing_city,
        billing_country,
        updated_at
    from "warehouse"."main"."silver_customers"
    ) sbq



    ) as __dbt_sbq
    where false
    limit 0
)
[0m16:12:12.659843 [debug] [Thread-1 (]: Opening a new connection, currently in state init
[0m16:12:12.660574 [debug] [Thread-1 (]: DuckDB adapter: duckdb error: Catalog Error: Table with name silver_customers does not exist!
Did you mean "main.sqlite_master"?

LINE 27:     from "warehouse"."main"."silver_customers"
                  ^
[0m16:12:12.660777 [debug] [Thread-1 (]: DuckDB adapter: Error running SQL: /* {"app": "dbt", "dbt_version": "1.12.5", "profile_name": "enterprise_data_platform", "target_name": "dev", "node_id": "snapshot.enterprise_data_platform.snap_customers"} */
DESCRIBE (select * from (
        
    

    select *,
        md5(coalesce(cast(customer_id as varchar ), '')
         || '|' || coalesce(cast(updated_at as varchar ), '')
        ) as dbt_scd_id,
        updated_at as dbt_updated_at,
        updated_at as dbt_valid_from,
        
  
  coalesce(nullif(updated_at, updated_at), null)
  as dbt_valid_to
from (
        
    

    select
        customer_id,
        customer_name,
        customer_tier,
        billing_city,
        billing_country,
        updated_at
    from "warehouse"."main"."silver_customers"
    ) sbq



    ) as __dbt_sbq
    where false
    limit 0
)
[0m16:12:12.660939 [debug] [Thread-1 (]: DuckDB adapter: Rolling back transaction.
[0m16:12:12.661142 [debug] [Thread-1 (]: On snapshot.enterprise_data_platform.snap_customers: Close
[0m16:12:12.664617 [debug] [Thread-1 (]: Runtime Error in snapshot snap_customers (snapshots\snap_customers.sql)
  Catalog Error: Table with name silver_customers does not exist!
  Did you mean "main.sqlite_master"?
  
  LINE 27:     from "warehouse"."main"."silver_customers"
                    ^
[0m16:12:12.665776 [debug] [Thread-1 (]: Sending event: {'category': 'dbt', 'action': 'run_model', 'label': '18fecb00-ecb9-4cd8-a4f0-d203e3e45e0c', 'context': [<snowplow_tracker.self_describing_json.SelfDescribingJson object at 0x000002665E87D910>]}
[0m16:12:12.666184 [error] [Thread-1 (]: 1 of 1 ERROR snapshotting main.snap_customers .................................. [[31mERROR[0m in 0.04s]
[0m16:12:12.666597 [debug] [Thread-1 (]: Finished running node snapshot.enterprise_data_platform.snap_customers
[0m16:12:12.666884 [debug] [Thread-7 (]: Marking all children of 'snapshot.enterprise_data_platform.snap_customers' to be skipped because of status 'error'.  Reason: Runtime Error in snapshot snap_customers (snapshots\snap_customers.sql)
  Catalog Error: Table with name silver_customers does not exist!
  Did you mean "main.sqlite_master"?
  
  LINE 27:     from "warehouse"."main"."silver_customers"
                    ^.
[0m16:12:12.667933 [debug] [MainThread]: Using duckdb connection "master"
[0m16:12:12.668116 [debug] [MainThread]: On master: BEGIN
[0m16:12:12.668241 [debug] [MainThread]: Opening a new connection, currently in state closed
[0m16:12:12.668509 [debug] [MainThread]: SQL status: OK in 0.000 seconds
[0m16:12:12.668655 [debug] [MainThread]: On master: COMMIT
[0m16:12:12.668768 [debug] [MainThread]: Using duckdb connection "master"
[0m16:12:12.668874 [debug] [MainThread]: On master: COMMIT
[0m16:12:12.669064 [debug] [MainThread]: SQL status: OK in 0.000 seconds
[0m16:12:12.669197 [debug] [MainThread]: On master: Close
[0m16:12:12.669365 [debug] [MainThread]: Connection 'master' was properly closed.
[0m16:12:12.669484 [debug] [MainThread]: Connection 'create_warehouse_main' was properly closed.
[0m16:12:12.669582 [debug] [MainThread]: Connection 'list_warehouse_main' was properly closed.
[0m16:12:12.669673 [debug] [MainThread]: Connection 'snapshot.enterprise_data_platform.snap_customers' was properly closed.
[0m16:12:12.669788 [info ] [MainThread]: 
[0m16:12:12.670017 [info ] [MainThread]: Finished running 1 snapshot in 0 hours 0 minutes and 0.12 seconds (0.12s).
[0m16:12:12.670380 [debug] [MainThread]: Command end result
[0m16:12:12.685772 [debug] [MainThread]: Wrote artifact WritableManifest to C:\Users\Gebruiker\Data Architect\dbt_transforms\target\manifest.json
[0m16:12:12.687649 [debug] [MainThread]: Wrote artifact SemanticManifest to C:\Users\Gebruiker\Data Architect\dbt_transforms\target\semantic_manifest.json
[0m16:12:12.689689 [debug] [MainThread]: Wrote artifact OsiDocument to C:\Users\Gebruiker\Data Architect\dbt_transforms\target\osi_document.json
[0m16:12:12.693531 [debug] [MainThread]: Wrote artifact RunExecutionResult to C:\Users\Gebruiker\Data Architect\dbt_transforms\target\run_results.json
[0m16:12:12.693703 [info ] [MainThread]: 
[0m16:12:12.694113 [info ] [MainThread]: [31mCompleted with 1 error, 0 partial successes, and 0 warnings:[0m
[0m16:12:12.694354 [info ] [MainThread]: 
[0m16:12:12.694618 [error] [MainThread]: [[31mERROR[0m]: in snapshot snap_customers (snapshots\snap_customers.sql)
[0m16:12:12.694842 [error] [MainThread]:   Runtime Error in snapshot snap_customers (snapshots\snap_customers.sql)
  Catalog Error: Table with name silver_customers does not exist!
  Did you mean "main.sqlite_master"?
  
  LINE 27:     from "warehouse"."main"."silver_customers"
                    ^
[0m16:12:12.695028 [info ] [MainThread]: 
[0m16:12:12.695217 [info ] [MainThread]:   compiled code at target\compiled\enterprise_data_platform\snapshots\snap_customers.sql\snap_customers.sql
[0m16:12:12.695364 [info ] [MainThread]: 
[0m16:12:12.695595 [info ] [MainThread]: Done. PASS=0 WARN=0 ERROR=1 SKIP=0 NO-OP=0 REUSED=0 TOTAL=1
[0m16:12:12.696152 [debug] [MainThread]: Command `dbt snapshot` failed at 16:12:12.696081 after 0.65 seconds
[0m16:12:12.696346 [debug] [MainThread]: Sending event: {'category': 'dbt', 'action': 'invocation', 'label': 'end', 'context': [<snowplow_tracker.self_describing_json.SelfDescribingJson object at 0x000002665E9575F0>, <snowplow_tracker.self_describing_json.SelfDescribingJson object at 0x00000266561B2490>, <snowplow_tracker.self_describing_json.SelfDescribingJson object at 0x000002665E4FBCF0>]}
[0m16:12:12.696515 [debug] [MainThread]: Flushing usage events
[0m16:12:13.133550 [debug] [MainThread]: An error was encountered while trying to flush usage events
[0m16:12:14.477195 [debug] [MainThread]: Sending event: {'category': 'dbt', 'action': 'invocation', 'label': 'start', 'context': [<snowplow_tracker.self_describing_json.SelfDescribingJson object at 0x0000025840D26120>, <snowplow_tracker.self_describing_json.SelfDescribingJson object at 0x000002583E8A8CD0>, <snowplow_tracker.self_describing_json.SelfDescribingJson object at 0x00000258436F39D0>]}


============================== 16:12:14.479680 | 4f05915d-2372-461e-b995-5ae249ac0969 ==============================
[0m16:12:14.479680 [info ] [MainThread]: Running with dbt=1.12.5
[0m16:12:14.480052 [debug] [MainThread]: running dbt with arguments {'static_parser': 'True', 'no_print': 'None', 'maximum_seed_size_mib': '1', 'warn_error_options': 'WarnErrorOptionsV2(error=[], warn=[], silence=[])', 'target_path': 'None', 'version_check': 'True', 'printer_width': '80', 'write_json': 'True', 'introspect': 'True', 'log_cache_events': 'False', 'empty': 'None', 'cache_selected_only': 'False', 'log_format': 'default', 'debug': 'False', 'fail_fast': 'False', 'partial_parse': 'True', 'send_anonymous_usage_stats': 'True', 'quiet': 'False', 'warn_error': 'None', 'profiles_dir': '.', 'indirect_selection': 'eager', 'hints_enabled': 'True', 'use_colors': 'True', 'use_experimental_parser': 'False', 'invocation_command': 'dbt test --profiles-dir .', 'log_path': 'C:\\Users\\Gebruiker\\Data Architect\\dbt_transforms\\logs'}
[0m16:12:14.601008 [debug] [MainThread]: Sending event: {'category': 'dbt', 'action': 'project_id', 'label': '4f05915d-2372-461e-b995-5ae249ac0969', 'context': [<snowplow_tracker.self_describing_json.SelfDescribingJson object at 0x000002584377AFD0>]}
[0m16:12:14.632709 [debug] [MainThread]: Sending event: {'category': 'dbt', 'action': 'adapter_info', 'label': '4f05915d-2372-461e-b995-5ae249ac0969', 'context': [<snowplow_tracker.self_describing_json.SelfDescribingJson object at 0x0000025841915D00>]}
[0m16:12:14.634223 [info ] [MainThread]: Registered adapter: duckdb=1.11.0
[0m16:12:14.744056 [debug] [MainThread]: checksum: c9f9e136216c1ef20ffad90a0f58ccdb6fce820aa067ea37b8aafc9294c69e6d, vars: {}, profile: enterprise_data_platform, target: dev, version: 1.12.5
[0m16:12:14.807531 [debug] [MainThread]: Partial parsing enabled: 0 files deleted, 0 files added, 0 files changed.
[0m16:12:14.807729 [debug] [MainThread]: Nothing changed, skipping partial parsing.
[0m16:12:14.807860 [debug] [MainThread]: Partial parsing enabled, no changes found, skipping parsing
[0m16:12:14.812885 [debug] [MainThread]: Sending event: {'category': 'dbt', 'action': 'load_project', 'label': '4f05915d-2372-461e-b995-5ae249ac0969', 'context': [<snowplow_tracker.self_describing_json.SelfDescribingJson object at 0x0000025843DF8550>]}
[0m16:12:14.868159 [debug] [MainThread]: Wrote artifact WritableManifest to C:\Users\Gebruiker\Data Architect\dbt_transforms\target\manifest.json
[0m16:12:14.870075 [debug] [MainThread]: Wrote artifact SemanticManifest to C:\Users\Gebruiker\Data Architect\dbt_transforms\target\semantic_manifest.json
[0m16:12:14.886691 [debug] [MainThread]: Wrote artifact OsiDocument to C:\Users\Gebruiker\Data Architect\dbt_transforms\target\osi_document.json
[0m16:12:14.898723 [debug] [MainThread]: Sending event: {'category': 'dbt', 'action': 'resource_counts', 'label': '4f05915d-2372-461e-b995-5ae249ac0969', 'context': [<snowplow_tracker.self_describing_json.SelfDescribingJson object at 0x0000025843EA4500>]}
[0m16:12:14.898961 [info ] [MainThread]: Found 4 models, 1 snapshot, 500 macros
[0m16:12:14.899233 [debug] [MainThread]: Sending event: {'category': 'dbt', 'action': 'runnable_timing', 'label': '4f05915d-2372-461e-b995-5ae249ac0969', 'context': [<snowplow_tracker.self_describing_json.SelfDescribingJson object at 0x0000025843F2AC10>]}
[0m16:12:14.900172 [warn ] [MainThread]: [[33mWARNING[0m]: Nothing to do. Try checking your model configs and model specification args
[0m16:12:14.901267 [debug] [MainThread]: Command end result
[0m16:12:14.917124 [debug] [MainThread]: Wrote artifact WritableManifest to C:\Users\Gebruiker\Data Architect\dbt_transforms\target\manifest.json
[0m16:12:14.918819 [debug] [MainThread]: Wrote artifact SemanticManifest to C:\Users\Gebruiker\Data Architect\dbt_transforms\target\semantic_manifest.json
[0m16:12:14.920534 [debug] [MainThread]: Wrote artifact OsiDocument to C:\Users\Gebruiker\Data Architect\dbt_transforms\target\osi_document.json
[0m16:12:14.922375 [debug] [MainThread]: Wrote artifact RunExecutionResult to C:\Users\Gebruiker\Data Architect\dbt_transforms\target\run_results.json
[0m16:12:14.922779 [debug] [MainThread]: Command `dbt test` succeeded at 16:12:14.922721 after 0.52 seconds
[0m16:12:14.922956 [debug] [MainThread]: Sending event: {'category': 'dbt', 'action': 'invocation', 'label': 'end', 'context': [<snowplow_tracker.self_describing_json.SelfDescribingJson object at 0x0000025841A3C1F0>, <snowplow_tracker.self_describing_json.SelfDescribingJson object at 0x0000025843F02150>, <snowplow_tracker.self_describing_json.SelfDescribingJson object at 0x0000025843F022D0>]}
[0m16:12:14.923114 [debug] [MainThread]: Flushing usage events
[0m16:12:15.331940 [debug] [MainThread]: An error was encountered while trying to flush usage events
[0m16:12:28.320488 [debug] [MainThread]: Sending event: {'category': 'dbt', 'action': 'invocation', 'label': 'start', 'context': [<snowplow_tracker.self_describing_json.SelfDescribingJson object at 0x000001F2D21A6120>, <snowplow_tracker.self_describing_json.SelfDescribingJson object at 0x000001F2CFD38CD0>, <snowplow_tracker.self_describing_json.SelfDescribingJson object at 0x000001F2D4B779D0>]}


============================== 16:12:28.323110 | 94371ac1-1030-49e7-9165-4083f27a4d63 ==============================
[0m16:12:28.323110 [info ] [MainThread]: Running with dbt=1.12.5
[0m16:12:28.323488 [debug] [MainThread]: running dbt with arguments {'maximum_seed_size_mib': '1', 'no_print': 'None', 'static_parser': 'True', 'warn_error_options': 'WarnErrorOptionsV2(error=[], warn=[], silence=[])', 'target_path': 'None', 'version_check': 'True', 'printer_width': '80', 'write_json': 'True', 'empty': 'False', 'log_cache_events': 'False', 'introspect': 'True', 'cache_selected_only': 'False', 'fail_fast': 'False', 'debug': 'False', 'log_format': 'default', 'partial_parse': 'True', 'send_anonymous_usage_stats': 'True', 'quiet': 'False', 'warn_error': 'None', 'profiles_dir': '.', 'use_colors': 'True', 'hints_enabled': 'True', 'invocation_command': 'dbt run --select silver gold --profiles-dir .', 'use_experimental_parser': 'False', 'indirect_selection': 'eager', 'log_path': 'C:\\Users\\Gebruiker\\Data Architect\\dbt_transforms\\logs'}
[0m16:12:28.446681 [debug] [MainThread]: Sending event: {'category': 'dbt', 'action': 'project_id', 'label': '94371ac1-1030-49e7-9165-4083f27a4d63', 'context': [<snowplow_tracker.self_describing_json.SelfDescribingJson object at 0x000001F2D4BFE8B0>]}
[0m16:12:28.478703 [debug] [MainThread]: Sending event: {'category': 'dbt', 'action': 'adapter_info', 'label': '94371ac1-1030-49e7-9165-4083f27a4d63', 'context': [<snowplow_tracker.self_describing_json.SelfDescribingJson object at 0x000001F2D2D95D00>]}
[0m16:12:28.480144 [info ] [MainThread]: Registered adapter: duckdb=1.11.0
[0m16:12:28.600043 [debug] [MainThread]: checksum: c9f9e136216c1ef20ffad90a0f58ccdb6fce820aa067ea37b8aafc9294c69e6d, vars: {}, profile: enterprise_data_platform, target: dev, version: 1.12.5
[0m16:12:28.665719 [debug] [MainThread]: Partial parsing enabled: 0 files deleted, 0 files added, 0 files changed.
[0m16:12:28.665916 [debug] [MainThread]: Nothing changed, skipping partial parsing.
[0m16:12:28.666045 [debug] [MainThread]: Partial parsing enabled, no changes found, skipping parsing
[0m16:12:28.671045 [debug] [MainThread]: Sending event: {'category': 'dbt', 'action': 'load_project', 'label': '94371ac1-1030-49e7-9165-4083f27a4d63', 'context': [<snowplow_tracker.self_describing_json.SelfDescribingJson object at 0x000001F2D52F8550>]}
[0m16:12:28.727852 [debug] [MainThread]: Wrote artifact WritableManifest to C:\Users\Gebruiker\Data Architect\dbt_transforms\target\manifest.json
[0m16:12:28.729722 [debug] [MainThread]: Wrote artifact SemanticManifest to C:\Users\Gebruiker\Data Architect\dbt_transforms\target\semantic_manifest.json
[0m16:12:28.744982 [debug] [MainThread]: Wrote artifact OsiDocument to C:\Users\Gebruiker\Data Architect\dbt_transforms\target\osi_document.json
[0m16:12:28.751923 [debug] [MainThread]: Sending event: {'category': 'dbt', 'action': 'resource_counts', 'label': '94371ac1-1030-49e7-9165-4083f27a4d63', 'context': [<snowplow_tracker.self_describing_json.SelfDescribingJson object at 0x000001F2D53A64E0>]}
[0m16:12:28.752162 [info ] [MainThread]: Found 4 models, 1 snapshot, 500 macros
[0m16:12:28.752429 [debug] [MainThread]: Sending event: {'category': 'dbt', 'action': 'runnable_timing', 'label': '94371ac1-1030-49e7-9165-4083f27a4d63', 'context': [<snowplow_tracker.self_describing_json.SelfDescribingJson object at 0x000001F2D53D6970>]}
[0m16:12:28.753426 [info ] [MainThread]: 
[0m16:12:28.753659 [info ] [MainThread]: Concurrency: 4 threads (target='dev')
[0m16:12:28.753830 [info ] [MainThread]: 
[0m16:12:28.754173 [debug] [MainThread]: Acquiring new duckdb connection 'master'
[0m16:12:28.756892 [debug] [ThreadPool]: Acquiring new duckdb connection 'list_warehouse'
[0m16:12:28.791697 [debug] [ThreadPool]: Using duckdb connection "list_warehouse"
[0m16:12:28.791892 [debug] [ThreadPool]: On list_warehouse: /* {"app": "dbt", "dbt_version": "1.12.5", "profile_name": "enterprise_data_platform", "target_name": "dev", "connection_name": "list_warehouse"} */

    
    select schema_name
    from system.information_schema.schemata
    
    where lower(catalog_name) = '"warehouse"'
    
  
  
[0m16:12:28.792032 [debug] [ThreadPool]: Opening a new connection, currently in state init
[0m16:12:28.803298 [debug] [ThreadPool]: SQL status: OK in 0.011 seconds
[0m16:12:28.804281 [debug] [ThreadPool]: On list_warehouse: Close
[0m16:12:28.804832 [debug] [ThreadPool]: Re-using an available connection from the pool (formerly list_warehouse, now create_warehouse_main)
[0m16:12:28.805178 [debug] [ThreadPool]: Creating schema "database: "warehouse"
schema: "main"
"
[0m16:12:28.810552 [debug] [ThreadPool]: Using duckdb connection "create_warehouse_main"
[0m16:12:28.810815 [debug] [ThreadPool]: On create_warehouse_main: /* {"app": "dbt", "dbt_version": "1.12.5", "profile_name": "enterprise_data_platform", "target_name": "dev", "connection_name": "create_warehouse_main"} */

    
        select type from duckdb_databases()
        where lower(database_name)='warehouse'
        and type != 'duckdb'
    
  
[0m16:12:28.811024 [debug] [ThreadPool]: Opening a new connection, currently in state closed
[0m16:12:28.811861 [debug] [ThreadPool]: SQL status: OK in 0.001 seconds
[0m16:12:28.812995 [debug] [ThreadPool]: Using duckdb connection "create_warehouse_main"
[0m16:12:28.813303 [debug] [ThreadPool]: On create_warehouse_main: BEGIN
[0m16:12:28.813745 [debug] [ThreadPool]: SQL status: OK in 0.000 seconds
[0m16:12:28.813997 [debug] [ThreadPool]: Using duckdb connection "create_warehouse_main"
[0m16:12:28.814199 [debug] [ThreadPool]: On create_warehouse_main: /* {"app": "dbt", "dbt_version": "1.12.5", "profile_name": "enterprise_data_platform", "target_name": "dev", "connection_name": "create_warehouse_main"} */

    
    
        create schema if not exists "warehouse"."main"
    
[0m16:12:28.814573 [debug] [ThreadPool]: SQL status: OK in 0.000 seconds
[0m16:12:28.814988 [debug] [ThreadPool]: On create_warehouse_main: COMMIT
[0m16:12:28.815134 [debug] [ThreadPool]: Using duckdb connection "create_warehouse_main"
[0m16:12:28.815252 [debug] [ThreadPool]: On create_warehouse_main: COMMIT
[0m16:12:28.815507 [debug] [ThreadPool]: SQL status: OK in 0.000 seconds
[0m16:12:28.815658 [debug] [ThreadPool]: On create_warehouse_main: Close
[0m16:12:28.816642 [debug] [ThreadPool]: Acquiring new duckdb connection 'list_warehouse_main'
[0m16:12:28.819381 [debug] [ThreadPool]: Using duckdb connection "list_warehouse_main"
[0m16:12:28.819561 [debug] [ThreadPool]: On list_warehouse_main: BEGIN
[0m16:12:28.819685 [debug] [ThreadPool]: Opening a new connection, currently in state init
[0m16:12:28.820046 [debug] [ThreadPool]: SQL status: OK in 0.000 seconds
[0m16:12:28.820287 [debug] [ThreadPool]: Using duckdb connection "list_warehouse_main"
[0m16:12:28.820437 [debug] [ThreadPool]: On list_warehouse_main: /* {"app": "dbt", "dbt_version": "1.12.5", "profile_name": "enterprise_data_platform", "target_name": "dev", "connection_name": "list_warehouse_main"} */
select
      'warehouse' as database,
      table_name as name,
      table_schema as schema,
      CASE table_type
        WHEN 'BASE TABLE' THEN 'table'
        WHEN 'VIEW' THEN 'view'
        WHEN 'LOCAL TEMPORARY' THEN 'table'
        END as type
    from system.information_schema.tables
    where lower(table_schema) = 'main'
    and lower(table_catalog) = 'warehouse'
  
[0m16:12:28.822631 [debug] [ThreadPool]: SQL status: OK in 0.002 seconds
[0m16:12:28.823183 [debug] [ThreadPool]: On list_warehouse_main: ROLLBACK
[0m16:12:28.823502 [debug] [ThreadPool]: On list_warehouse_main: Close
[0m16:12:28.823956 [debug] [MainThread]: Sending event: {'category': 'dbt', 'action': 'runnable_timing', 'label': '94371ac1-1030-49e7-9165-4083f27a4d63', 'context': [<snowplow_tracker.self_describing_json.SelfDescribingJson object at 0x000001F2D55F1160>]}
[0m16:12:28.824232 [debug] [MainThread]: Using duckdb connection "master"
[0m16:12:28.824367 [debug] [MainThread]: On master: BEGIN
[0m16:12:28.824481 [debug] [MainThread]: Opening a new connection, currently in state init
[0m16:12:28.824756 [debug] [MainThread]: SQL status: OK in 0.000 seconds
[0m16:12:28.824896 [debug] [MainThread]: On master: COMMIT
[0m16:12:28.825010 [debug] [MainThread]: Using duckdb connection "master"
[0m16:12:28.825114 [debug] [MainThread]: On master: COMMIT
[0m16:12:28.825301 [debug] [MainThread]: SQL status: OK in 0.000 seconds
[0m16:12:28.825432 [debug] [MainThread]: On master: Close
[0m16:12:28.828558 [debug] [Thread-1 (]: Began running node model.enterprise_data_platform.silver_customers
[0m16:12:28.828857 [debug] [Thread-2 (]: Began running node model.enterprise_data_platform.silver_orders
[0m16:12:28.829224 [info ] [Thread-1 (]: 1 of 4 START sql view model main.silver_customers .............................. [RUN]
[0m16:12:28.830043 [debug] [Thread-1 (]: Acquiring new duckdb connection 'model.enterprise_data_platform.silver_customers'
[0m16:12:28.830682 [debug] [Thread-1 (]: Began compiling node model.enterprise_data_platform.silver_customers
[0m16:12:28.836352 [debug] [Thread-1 (]: Writing injected SQL for node "model.enterprise_data_platform.silver_customers"
[0m16:12:28.829513 [info ] [Thread-2 (]: 2 of 4 START sql view model main.silver_orders ................................. [RUN]
[0m16:12:28.836758 [debug] [Thread-2 (]: Acquiring new duckdb connection 'model.enterprise_data_platform.silver_orders'
[0m16:12:28.836963 [debug] [Thread-2 (]: Began compiling node model.enterprise_data_platform.silver_orders
[0m16:12:28.837381 [debug] [Thread-2 (]: Writing injected SQL for node "model.enterprise_data_platform.silver_orders"
[0m16:12:28.837748 [debug] [Thread-1 (]: Began executing node model.enterprise_data_platform.silver_customers
[0m16:12:28.853440 [debug] [Thread-1 (]: Writing runtime sql for node "model.enterprise_data_platform.silver_customers"
[0m16:12:28.853897 [debug] [Thread-2 (]: Began executing node model.enterprise_data_platform.silver_orders
[0m16:12:28.855305 [debug] [Thread-2 (]: Writing runtime sql for node "model.enterprise_data_platform.silver_orders"
[0m16:12:28.856746 [debug] [Thread-1 (]: Using duckdb connection "model.enterprise_data_platform.silver_customers"
[0m16:12:28.857223 [debug] [Thread-1 (]: On model.enterprise_data_platform.silver_customers: BEGIN
[0m16:12:28.857430 [debug] [Thread-1 (]: Opening a new connection, currently in state init
[0m16:12:28.856992 [debug] [Thread-2 (]: Using duckdb connection "model.enterprise_data_platform.silver_orders"
[0m16:12:28.857869 [debug] [Thread-2 (]: On model.enterprise_data_platform.silver_orders: BEGIN
[0m16:12:28.858058 [debug] [Thread-2 (]: Opening a new connection, currently in state init
[0m16:12:28.858253 [debug] [Thread-1 (]: SQL status: OK in 0.001 seconds
[0m16:12:28.858590 [debug] [Thread-1 (]: Using duckdb connection "model.enterprise_data_platform.silver_customers"
[0m16:12:28.858793 [debug] [Thread-1 (]: On model.enterprise_data_platform.silver_customers: /* {"app": "dbt", "dbt_version": "1.12.5", "profile_name": "enterprise_data_platform", "target_name": "dev", "node_id": "model.enterprise_data_platform.silver_customers"} */

  
  create view "warehouse"."main"."silver_customers__dbt_tmp" as (
    with source_customers as (
    select * from (values
        ('CUST-44021', 'Acme Corp', 'Tier 2', 'Amsterdam', 'Netherlands', timestamp '2026-01-15 08:00:00'),
        ('CUST-44022', 'Global Logistics', 'Tier 1', 'Frankfurt', 'Germany', timestamp '2026-01-15 08:00:00'),
        ('CUST-44021', 'Acme Corp', 'Tier 1', 'Rotterdam', 'Netherlands', timestamp '2026-04-10 11:30:00')
    ) as raw(customer_id, customer_name, customer_tier, billing_city, billing_country, updated_at)
)
select
    customer_id,
    customer_name,
    customer_tier,
    billing_city,
    billing_country,
    updated_at
from source_customers
  );

[0m16:12:28.858993 [debug] [Thread-2 (]: SQL status: OK in 0.001 seconds
[0m16:12:28.859375 [debug] [Thread-2 (]: Using duckdb connection "model.enterprise_data_platform.silver_orders"
[0m16:12:28.859563 [debug] [Thread-2 (]: On model.enterprise_data_platform.silver_orders: /* {"app": "dbt", "dbt_version": "1.12.5", "profile_name": "enterprise_data_platform", "target_name": "dev", "node_id": "model.enterprise_data_platform.silver_orders"} */

  
  create view "warehouse"."main"."silver_orders__dbt_tmp" as (
    with source_orders as (
    select * from (values
        ('ORD-109283', 'CUST-44021', 'FULFILLED', 'EUR', 482.50, timestamp '2026-02-14 09:30:00'),
        ('ORD-109284', 'CUST-44021', 'FULFILLED', 'EUR', 1200.00, timestamp '2026-04-15 14:00:00')
    ) as raw(order_id, customer_id, order_status, currency, order_total, order_timestamp)
)
select
    order_id,
    customer_id,
    order_status,
    currency,
    order_total,
    order_timestamp
from source_orders
  );

[0m16:12:28.859862 [debug] [Thread-1 (]: SQL status: OK in 0.001 seconds
[0m16:12:28.862551 [debug] [Thread-1 (]: Using duckdb connection "model.enterprise_data_platform.silver_customers"
[0m16:12:28.862839 [debug] [Thread-1 (]: On model.enterprise_data_platform.silver_customers: /* {"app": "dbt", "dbt_version": "1.12.5", "profile_name": "enterprise_data_platform", "target_name": "dev", "node_id": "model.enterprise_data_platform.silver_customers"} */
alter view "warehouse"."main"."silver_customers__dbt_tmp" rename to "silver_customers"
[0m16:12:28.863101 [debug] [Thread-2 (]: SQL status: OK in 0.003 seconds
[0m16:12:28.864344 [debug] [Thread-2 (]: Using duckdb connection "model.enterprise_data_platform.silver_orders"
[0m16:12:28.864518 [debug] [Thread-2 (]: On model.enterprise_data_platform.silver_orders: /* {"app": "dbt", "dbt_version": "1.12.5", "profile_name": "enterprise_data_platform", "target_name": "dev", "node_id": "model.enterprise_data_platform.silver_orders"} */
alter view "warehouse"."main"."silver_orders__dbt_tmp" rename to "silver_orders"
[0m16:12:28.864705 [debug] [Thread-1 (]: SQL status: OK in 0.001 seconds
[0m16:12:28.870865 [debug] [Thread-1 (]: On model.enterprise_data_platform.silver_customers: COMMIT
[0m16:12:28.871074 [debug] [Thread-1 (]: Using duckdb connection "model.enterprise_data_platform.silver_customers"
[0m16:12:28.871454 [debug] [Thread-1 (]: On model.enterprise_data_platform.silver_customers: COMMIT
[0m16:12:28.871259 [debug] [Thread-2 (]: SQL status: OK in 0.006 seconds
[0m16:12:28.872249 [debug] [Thread-2 (]: On model.enterprise_data_platform.silver_orders: COMMIT
[0m16:12:28.872458 [debug] [Thread-2 (]: Using duckdb connection "model.enterprise_data_platform.silver_orders"
[0m16:12:28.872609 [debug] [Thread-2 (]: On model.enterprise_data_platform.silver_orders: COMMIT
[0m16:12:28.873451 [debug] [Thread-1 (]: SQL status: OK in 0.002 seconds
[0m16:12:28.875825 [debug] [Thread-1 (]: Using duckdb connection "model.enterprise_data_platform.silver_customers"
[0m16:12:28.876030 [debug] [Thread-1 (]: On model.enterprise_data_platform.silver_customers: /* {"app": "dbt", "dbt_version": "1.12.5", "profile_name": "enterprise_data_platform", "target_name": "dev", "node_id": "model.enterprise_data_platform.silver_customers"} */

      drop view if exists "warehouse"."main"."silver_customers__dbt_backup" cascade
    
[0m16:12:28.876219 [debug] [Thread-2 (]: SQL status: OK in 0.003 seconds
[0m16:12:28.877017 [debug] [Thread-2 (]: Using duckdb connection "model.enterprise_data_platform.silver_orders"
[0m16:12:28.877190 [debug] [Thread-2 (]: On model.enterprise_data_platform.silver_orders: /* {"app": "dbt", "dbt_version": "1.12.5", "profile_name": "enterprise_data_platform", "target_name": "dev", "node_id": "model.enterprise_data_platform.silver_orders"} */

      drop view if exists "warehouse"."main"."silver_orders__dbt_backup" cascade
    
[0m16:12:28.877358 [debug] [Thread-1 (]: SQL status: OK in 0.001 seconds
[0m16:12:28.878624 [debug] [Thread-1 (]: On model.enterprise_data_platform.silver_customers: Close
[0m16:12:28.879554 [debug] [Thread-2 (]: SQL status: OK in 0.002 seconds
[0m16:12:28.880157 [debug] [Thread-2 (]: On model.enterprise_data_platform.silver_orders: Close
[0m16:12:28.880727 [debug] [Thread-1 (]: Sending event: {'category': 'dbt', 'action': 'run_model', 'label': '94371ac1-1030-49e7-9165-4083f27a4d63', 'context': [<snowplow_tracker.self_describing_json.SelfDescribingJson object at 0x000001F2D55FCDD0>]}
[0m16:12:28.880963 [debug] [Thread-2 (]: Sending event: {'category': 'dbt', 'action': 'run_model', 'label': '94371ac1-1030-49e7-9165-4083f27a4d63', 'context': [<snowplow_tracker.self_describing_json.SelfDescribingJson object at 0x000001F2D26C28E0>]}
[0m16:12:28.881512 [info ] [Thread-1 (]: 1 of 4 OK created sql view model main.silver_customers ......................... [[32mOK[0m in 0.05s]
[0m16:12:28.882332 [debug] [Thread-1 (]: Finished running node model.enterprise_data_platform.silver_customers
[0m16:12:28.881944 [info ] [Thread-2 (]: 2 of 4 OK created sql view model main.silver_orders ............................ [[32mOK[0m in 0.04s]
[0m16:12:28.882799 [debug] [Thread-2 (]: Finished running node model.enterprise_data_platform.silver_orders
[0m16:12:28.883065 [debug] [Thread-3 (]: Began running node model.enterprise_data_platform.dim_customers
[0m16:12:28.883528 [debug] [Thread-4 (]: Began running node model.enterprise_data_platform.fct_orders
[0m16:12:28.883343 [info ] [Thread-3 (]: 3 of 4 START sql table model main.dim_customers ................................ [RUN]
[0m16:12:28.884050 [debug] [Thread-3 (]: Acquiring new duckdb connection 'model.enterprise_data_platform.dim_customers'
[0m16:12:28.884387 [debug] [Thread-3 (]: Began compiling node model.enterprise_data_platform.dim_customers
[0m16:12:28.885273 [debug] [Thread-3 (]: Writing injected SQL for node "model.enterprise_data_platform.dim_customers"
[0m16:12:28.883812 [info ] [Thread-4 (]: 4 of 4 START sql table model main.fct_orders ................................... [RUN]
[0m16:12:28.885612 [debug] [Thread-4 (]: Acquiring new duckdb connection 'model.enterprise_data_platform.fct_orders'
[0m16:12:28.885799 [debug] [Thread-4 (]: Began compiling node model.enterprise_data_platform.fct_orders
[0m16:12:28.886586 [debug] [Thread-4 (]: Writing injected SQL for node "model.enterprise_data_platform.fct_orders"
[0m16:12:28.886908 [debug] [Thread-3 (]: Began executing node model.enterprise_data_platform.dim_customers
[0m16:12:28.906365 [debug] [Thread-3 (]: Writing runtime sql for node "model.enterprise_data_platform.dim_customers"
[0m16:12:28.906657 [debug] [Thread-4 (]: Began executing node model.enterprise_data_platform.fct_orders
[0m16:12:28.907888 [debug] [Thread-4 (]: Writing runtime sql for node "model.enterprise_data_platform.fct_orders"
[0m16:12:28.908597 [debug] [Thread-3 (]: Using duckdb connection "model.enterprise_data_platform.dim_customers"
[0m16:12:28.908862 [debug] [Thread-3 (]: On model.enterprise_data_platform.dim_customers: BEGIN
[0m16:12:28.909297 [debug] [Thread-3 (]: Opening a new connection, currently in state init
[0m16:12:28.909071 [debug] [Thread-4 (]: Using duckdb connection "model.enterprise_data_platform.fct_orders"
[0m16:12:28.909628 [debug] [Thread-4 (]: On model.enterprise_data_platform.fct_orders: BEGIN
[0m16:12:28.909815 [debug] [Thread-4 (]: Opening a new connection, currently in state init
[0m16:12:28.909999 [debug] [Thread-3 (]: SQL status: OK in 0.001 seconds
[0m16:12:28.910320 [debug] [Thread-3 (]: Using duckdb connection "model.enterprise_data_platform.dim_customers"
[0m16:12:28.910528 [debug] [Thread-3 (]: On model.enterprise_data_platform.dim_customers: /* {"app": "dbt", "dbt_version": "1.12.5", "profile_name": "enterprise_data_platform", "target_name": "dev", "node_id": "model.enterprise_data_platform.dim_customers"} */

    

    create  table
      "warehouse"."main"."dim_customers__dbt_tmp"
  
    
    as (
      with customers as (
    select
        customer_id,
        customer_name,
        customer_tier,
        billing_city,
        billing_country,
        updated_at
    from "warehouse"."main"."silver_customers"
)
select
    customer_id,
    customer_name,
    customer_tier,
    billing_city,
    billing_country,
    updated_at as valid_from,
    updated_at as valid_to,
    true as is_current
from customers
    );
    
  
[0m16:12:28.910727 [debug] [Thread-4 (]: SQL status: OK in 0.001 seconds
[0m16:12:28.911056 [debug] [Thread-4 (]: Using duckdb connection "model.enterprise_data_platform.fct_orders"
[0m16:12:28.911241 [debug] [Thread-4 (]: On model.enterprise_data_platform.fct_orders: /* {"app": "dbt", "dbt_version": "1.12.5", "profile_name": "enterprise_data_platform", "target_name": "dev", "node_id": "model.enterprise_data_platform.fct_orders"} */

    

    create  table
      "warehouse"."main"."fct_orders__dbt_tmp"
  
    
    as (
      select
    order_id,
    customer_id,
    order_status,
    currency,
    order_total,
    order_timestamp
from "warehouse"."main"."silver_orders"
    );
    
  
[0m16:12:28.911912 [debug] [Thread-3 (]: SQL status: OK in 0.001 seconds
[0m16:12:28.912916 [debug] [Thread-3 (]: Using duckdb connection "model.enterprise_data_platform.dim_customers"
[0m16:12:28.913331 [debug] [Thread-3 (]: On model.enterprise_data_platform.dim_customers: /* {"app": "dbt", "dbt_version": "1.12.5", "profile_name": "enterprise_data_platform", "target_name": "dev", "node_id": "model.enterprise_data_platform.dim_customers"} */
alter table "warehouse"."main"."dim_customers__dbt_tmp" rename to "dim_customers"
[0m16:12:28.913136 [debug] [Thread-4 (]: SQL status: OK in 0.002 seconds
[0m16:12:28.914282 [debug] [Thread-4 (]: Using duckdb connection "model.enterprise_data_platform.fct_orders"
[0m16:12:28.914462 [debug] [Thread-4 (]: On model.enterprise_data_platform.fct_orders: /* {"app": "dbt", "dbt_version": "1.12.5", "profile_name": "enterprise_data_platform", "target_name": "dev", "node_id": "model.enterprise_data_platform.fct_orders"} */
alter table "warehouse"."main"."fct_orders__dbt_tmp" rename to "fct_orders"
[0m16:12:28.914719 [debug] [Thread-3 (]: SQL status: OK in 0.001 seconds
[0m16:12:28.917393 [debug] [Thread-3 (]: On model.enterprise_data_platform.dim_customers: COMMIT
[0m16:12:28.917596 [debug] [Thread-3 (]: Using duckdb connection "model.enterprise_data_platform.dim_customers"
[0m16:12:28.917973 [debug] [Thread-3 (]: On model.enterprise_data_platform.dim_customers: COMMIT
[0m16:12:28.917777 [debug] [Thread-4 (]: SQL status: OK in 0.003 seconds
[0m16:12:28.919485 [debug] [Thread-4 (]: On model.enterprise_data_platform.fct_orders: COMMIT
[0m16:12:28.919678 [debug] [Thread-4 (]: Using duckdb connection "model.enterprise_data_platform.fct_orders"
[0m16:12:28.920083 [debug] [Thread-4 (]: On model.enterprise_data_platform.fct_orders: COMMIT
[0m16:12:28.919862 [debug] [Thread-3 (]: SQL status: OK in 0.002 seconds
[0m16:12:28.920924 [debug] [Thread-3 (]: Using duckdb connection "model.enterprise_data_platform.dim_customers"
[0m16:12:28.921178 [debug] [Thread-3 (]: On model.enterprise_data_platform.dim_customers: /* {"app": "dbt", "dbt_version": "1.12.5", "profile_name": "enterprise_data_platform", "target_name": "dev", "node_id": "model.enterprise_data_platform.dim_customers"} */

      drop table if exists "warehouse"."main"."dim_customers__dbt_backup" cascade
    
[0m16:12:28.921458 [debug] [Thread-4 (]: SQL status: OK in 0.001 seconds
[0m16:12:28.922129 [debug] [Thread-4 (]: Using duckdb connection "model.enterprise_data_platform.fct_orders"
[0m16:12:28.922581 [debug] [Thread-4 (]: On model.enterprise_data_platform.fct_orders: /* {"app": "dbt", "dbt_version": "1.12.5", "profile_name": "enterprise_data_platform", "target_name": "dev", "node_id": "model.enterprise_data_platform.fct_orders"} */

      drop table if exists "warehouse"."main"."fct_orders__dbt_backup" cascade
    
[0m16:12:28.922365 [debug] [Thread-3 (]: SQL status: OK in 0.001 seconds
[0m16:12:28.923275 [debug] [Thread-3 (]: On model.enterprise_data_platform.dim_customers: Close
[0m16:12:28.923522 [debug] [Thread-3 (]: Sending event: {'category': 'dbt', 'action': 'run_model', 'label': '94371ac1-1030-49e7-9165-4083f27a4d63', 'context': [<snowplow_tracker.self_describing_json.SelfDescribingJson object at 0x000001F2D57904B0>]}
[0m16:12:28.923712 [debug] [Thread-4 (]: SQL status: OK in 0.001 seconds
[0m16:12:28.924564 [debug] [Thread-4 (]: On model.enterprise_data_platform.fct_orders: Close
[0m16:12:28.924005 [info ] [Thread-3 (]: 3 of 4 OK created sql table model main.dim_customers ........................... [[32mOK[0m in 0.04s]
[0m16:12:28.925123 [debug] [Thread-3 (]: Finished running node model.enterprise_data_platform.dim_customers
[0m16:12:28.924871 [debug] [Thread-4 (]: Sending event: {'category': 'dbt', 'action': 'run_model', 'label': '94371ac1-1030-49e7-9165-4083f27a4d63', 'context': [<snowplow_tracker.self_describing_json.SelfDescribingJson object at 0x000001F2D56705D0>]}
[0m16:12:28.925424 [info ] [Thread-4 (]: 4 of 4 OK created sql table model main.fct_orders .............................. [[32mOK[0m in 0.04s]
[0m16:12:28.925840 [debug] [Thread-4 (]: Finished running node model.enterprise_data_platform.fct_orders
[0m16:12:28.926659 [debug] [MainThread]: Using duckdb connection "master"
[0m16:12:28.926830 [debug] [MainThread]: On master: BEGIN
[0m16:12:28.926952 [debug] [MainThread]: Opening a new connection, currently in state closed
[0m16:12:28.927245 [debug] [MainThread]: SQL status: OK in 0.000 seconds
[0m16:12:28.927426 [debug] [MainThread]: On master: COMMIT
[0m16:12:28.927550 [debug] [MainThread]: Using duckdb connection "master"
[0m16:12:28.927660 [debug] [MainThread]: On master: COMMIT
[0m16:12:28.927875 [debug] [MainThread]: SQL status: OK in 0.000 seconds
[0m16:12:28.928007 [debug] [MainThread]: On master: Close
[0m16:12:28.928181 [debug] [MainThread]: Connection 'master' was properly closed.
[0m16:12:28.928297 [debug] [MainThread]: Connection 'create_warehouse_main' was properly closed.
[0m16:12:28.928396 [debug] [MainThread]: Connection 'list_warehouse_main' was properly closed.
[0m16:12:28.928490 [debug] [MainThread]: Connection 'model.enterprise_data_platform.silver_customers' was properly closed.
[0m16:12:28.928583 [debug] [MainThread]: Connection 'model.enterprise_data_platform.silver_orders' was properly closed.
[0m16:12:28.928676 [debug] [MainThread]: Connection 'model.enterprise_data_platform.dim_customers' was properly closed.
[0m16:12:28.928768 [debug] [MainThread]: Connection 'model.enterprise_data_platform.fct_orders' was properly closed.
[0m16:12:28.928950 [info ] [MainThread]: 
[0m16:12:28.929230 [info ] [MainThread]: Finished running 2 table models, 2 view models in 0 hours 0 minutes and 0.17 seconds (0.17s).
[0m16:12:28.930162 [debug] [MainThread]: Command end result
[0m16:12:28.946991 [debug] [MainThread]: Wrote artifact WritableManifest to C:\Users\Gebruiker\Data Architect\dbt_transforms\target\manifest.json
[0m16:12:28.949009 [debug] [MainThread]: Wrote artifact SemanticManifest to C:\Users\Gebruiker\Data Architect\dbt_transforms\target\semantic_manifest.json
[0m16:12:28.951022 [debug] [MainThread]: Wrote artifact OsiDocument to C:\Users\Gebruiker\Data Architect\dbt_transforms\target\osi_document.json
[0m16:12:28.954733 [debug] [MainThread]: Wrote artifact RunExecutionResult to C:\Users\Gebruiker\Data Architect\dbt_transforms\target\run_results.json
[0m16:12:28.954908 [info ] [MainThread]: 
[0m16:12:28.955249 [info ] [MainThread]: [32mCompleted successfully[0m
[0m16:12:28.955460 [info ] [MainThread]: 
[0m16:12:28.955643 [info ] [MainThread]: Done. PASS=4 WARN=0 ERROR=0 SKIP=0 NO-OP=0 REUSED=0 TOTAL=4
[0m16:12:28.956101 [debug] [MainThread]: Command `dbt run` succeeded at 16:12:28.956045 after 0.71 seconds
[0m16:12:28.956273 [debug] [MainThread]: Sending event: {'category': 'dbt', 'action': 'invocation', 'label': 'end', 'context': [<snowplow_tracker.self_describing_json.SelfDescribingJson object at 0x000001F2D4BF0590>, <snowplow_tracker.self_describing_json.SelfDescribingJson object at 0x000001F2D49437E0>, <snowplow_tracker.self_describing_json.SelfDescribingJson object at 0x000001F2D4B589B0>]}
[0m16:12:28.956428 [debug] [MainThread]: Flushing usage events
[0m16:12:29.336025 [debug] [MainThread]: An error was encountered while trying to flush usage events
[0m16:12:30.641841 [debug] [MainThread]: Sending event: {'category': 'dbt', 'action': 'invocation', 'label': 'start', 'context': [<snowplow_tracker.self_describing_json.SelfDescribingJson object at 0x00000200A9EE6120>, <snowplow_tracker.self_describing_json.SelfDescribingJson object at 0x00000200A7A78CD0>, <snowplow_tracker.self_describing_json.SelfDescribingJson object at 0x00000200AC8B39D0>]}


============================== 16:12:30.644382 | fac90a19-378a-496e-8dbb-c9d99141ee91 ==============================
[0m16:12:30.644382 [info ] [MainThread]: Running with dbt=1.12.5
[0m16:12:30.644754 [debug] [MainThread]: running dbt with arguments {'static_parser': 'True', 'no_print': 'None', 'version_check': 'True', 'target_path': 'None', 'warn_error_options': 'WarnErrorOptionsV2(error=[], warn=[], silence=[])', 'maximum_seed_size_mib': '1', 'printer_width': '80', 'write_json': 'True', 'empty': 'False', 'log_cache_events': 'False', 'introspect': 'True', 'cache_selected_only': 'False', 'log_format': 'default', 'debug': 'False', 'fail_fast': 'False', 'profiles_dir': '.', 'send_anonymous_usage_stats': 'True', 'quiet': 'False', 'warn_error': 'None', 'partial_parse': 'True', 'use_colors': 'True', 'hints_enabled': 'True', 'indirect_selection': 'eager', 'use_experimental_parser': 'False', 'invocation_command': 'dbt snapshot --profiles-dir .', 'log_path': 'C:\\Users\\Gebruiker\\Data Architect\\dbt_transforms\\logs'}
[0m16:12:30.767399 [debug] [MainThread]: Sending event: {'category': 'dbt', 'action': 'project_id', 'label': 'fac90a19-378a-496e-8dbb-c9d99141ee91', 'context': [<snowplow_tracker.self_describing_json.SelfDescribingJson object at 0x00000200AC93AFD0>]}
[0m16:12:30.801075 [debug] [MainThread]: Sending event: {'category': 'dbt', 'action': 'adapter_info', 'label': 'fac90a19-378a-496e-8dbb-c9d99141ee91', 'context': [<snowplow_tracker.self_describing_json.SelfDescribingJson object at 0x00000200AAAD5D00>]}
[0m16:12:30.802520 [info ] [MainThread]: Registered adapter: duckdb=1.11.0
[0m16:12:30.917660 [debug] [MainThread]: checksum: c9f9e136216c1ef20ffad90a0f58ccdb6fce820aa067ea37b8aafc9294c69e6d, vars: {}, profile: enterprise_data_platform, target: dev, version: 1.12.5
[0m16:12:30.982155 [debug] [MainThread]: Partial parsing enabled: 0 files deleted, 0 files added, 0 files changed.
[0m16:12:30.982348 [debug] [MainThread]: Nothing changed, skipping partial parsing.
[0m16:12:30.982479 [debug] [MainThread]: Partial parsing enabled, no changes found, skipping parsing
[0m16:12:30.987522 [debug] [MainThread]: Sending event: {'category': 'dbt', 'action': 'load_project', 'label': 'fac90a19-378a-496e-8dbb-c9d99141ee91', 'context': [<snowplow_tracker.self_describing_json.SelfDescribingJson object at 0x00000200AD004550>]}
[0m16:12:31.043727 [debug] [MainThread]: Wrote artifact WritableManifest to C:\Users\Gebruiker\Data Architect\dbt_transforms\target\manifest.json
[0m16:12:31.045621 [debug] [MainThread]: Wrote artifact SemanticManifest to C:\Users\Gebruiker\Data Architect\dbt_transforms\target\semantic_manifest.json
[0m16:12:31.061984 [debug] [MainThread]: Wrote artifact OsiDocument to C:\Users\Gebruiker\Data Architect\dbt_transforms\target\osi_document.json
[0m16:12:31.069698 [debug] [MainThread]: Sending event: {'category': 'dbt', 'action': 'resource_counts', 'label': 'fac90a19-378a-496e-8dbb-c9d99141ee91', 'context': [<snowplow_tracker.self_describing_json.SelfDescribingJson object at 0x00000200AD0B3C50>]}
[0m16:12:31.069936 [info ] [MainThread]: Found 4 models, 1 snapshot, 500 macros
[0m16:12:31.070196 [debug] [MainThread]: Sending event: {'category': 'dbt', 'action': 'runnable_timing', 'label': 'fac90a19-378a-496e-8dbb-c9d99141ee91', 'context': [<snowplow_tracker.self_describing_json.SelfDescribingJson object at 0x00000200AD0BADD0>]}
[0m16:12:31.071190 [info ] [MainThread]: 
[0m16:12:31.071458 [info ] [MainThread]: Concurrency: 4 threads (target='dev')
[0m16:12:31.071690 [info ] [MainThread]: 
[0m16:12:31.071975 [debug] [MainThread]: Acquiring new duckdb connection 'master'
[0m16:12:31.072523 [debug] [ThreadPool]: Acquiring new duckdb connection 'list_warehouse'
[0m16:12:31.106055 [debug] [ThreadPool]: Using duckdb connection "list_warehouse"
[0m16:12:31.106245 [debug] [ThreadPool]: On list_warehouse: /* {"app": "dbt", "dbt_version": "1.12.5", "profile_name": "enterprise_data_platform", "target_name": "dev", "connection_name": "list_warehouse"} */

    
    select schema_name
    from system.information_schema.schemata
    
    where lower(catalog_name) = '"warehouse"'
    
  
  
[0m16:12:31.106381 [debug] [ThreadPool]: Opening a new connection, currently in state init
[0m16:12:31.119598 [debug] [ThreadPool]: SQL status: OK in 0.013 seconds
[0m16:12:31.120226 [debug] [ThreadPool]: On list_warehouse: Close
[0m16:12:31.120639 [debug] [ThreadPool]: Re-using an available connection from the pool (formerly list_warehouse, now create_warehouse_main)
[0m16:12:31.120924 [debug] [ThreadPool]: Creating schema "database: "warehouse"
schema: "main"
"
[0m16:12:31.124440 [debug] [ThreadPool]: Using duckdb connection "create_warehouse_main"
[0m16:12:31.124655 [debug] [ThreadPool]: On create_warehouse_main: /* {"app": "dbt", "dbt_version": "1.12.5", "profile_name": "enterprise_data_platform", "target_name": "dev", "connection_name": "create_warehouse_main"} */

    
        select type from duckdb_databases()
        where lower(database_name)='warehouse'
        and type != 'duckdb'
    
  
[0m16:12:31.124794 [debug] [ThreadPool]: Opening a new connection, currently in state closed
[0m16:12:31.125404 [debug] [ThreadPool]: SQL status: OK in 0.001 seconds
[0m16:12:31.126441 [debug] [ThreadPool]: Using duckdb connection "create_warehouse_main"
[0m16:12:31.126598 [debug] [ThreadPool]: On create_warehouse_main: BEGIN
[0m16:12:31.126865 [debug] [ThreadPool]: SQL status: OK in 0.000 seconds
[0m16:12:31.127014 [debug] [ThreadPool]: Using duckdb connection "create_warehouse_main"
[0m16:12:31.127130 [debug] [ThreadPool]: On create_warehouse_main: /* {"app": "dbt", "dbt_version": "1.12.5", "profile_name": "enterprise_data_platform", "target_name": "dev", "connection_name": "create_warehouse_main"} */

    
    
        create schema if not exists "warehouse"."main"
    
[0m16:12:31.127503 [debug] [ThreadPool]: SQL status: OK in 0.000 seconds
[0m16:12:31.127951 [debug] [ThreadPool]: On create_warehouse_main: COMMIT
[0m16:12:31.128163 [debug] [ThreadPool]: Using duckdb connection "create_warehouse_main"
[0m16:12:31.128299 [debug] [ThreadPool]: On create_warehouse_main: COMMIT
[0m16:12:31.128578 [debug] [ThreadPool]: SQL status: OK in 0.000 seconds
[0m16:12:31.128763 [debug] [ThreadPool]: On create_warehouse_main: Close
[0m16:12:31.131495 [debug] [ThreadPool]: Acquiring new duckdb connection 'list_warehouse_main'
[0m16:12:31.133874 [debug] [ThreadPool]: Using duckdb connection "list_warehouse_main"
[0m16:12:31.134052 [debug] [ThreadPool]: On list_warehouse_main: BEGIN
[0m16:12:31.134173 [debug] [ThreadPool]: Opening a new connection, currently in state init
[0m16:12:31.134434 [debug] [ThreadPool]: SQL status: OK in 0.000 seconds
[0m16:12:31.134579 [debug] [ThreadPool]: Using duckdb connection "list_warehouse_main"
[0m16:12:31.134701 [debug] [ThreadPool]: On list_warehouse_main: /* {"app": "dbt", "dbt_version": "1.12.5", "profile_name": "enterprise_data_platform", "target_name": "dev", "connection_name": "list_warehouse_main"} */
select
      'warehouse' as database,
      table_name as name,
      table_schema as schema,
      CASE table_type
        WHEN 'BASE TABLE' THEN 'table'
        WHEN 'VIEW' THEN 'view'
        WHEN 'LOCAL TEMPORARY' THEN 'table'
        END as type
    from system.information_schema.tables
    where lower(table_schema) = 'main'
    and lower(table_catalog) = 'warehouse'
  
[0m16:12:31.136731 [debug] [ThreadPool]: SQL status: OK in 0.002 seconds
[0m16:12:31.137332 [debug] [ThreadPool]: On list_warehouse_main: ROLLBACK
[0m16:12:31.137607 [debug] [ThreadPool]: On list_warehouse_main: Close
[0m16:12:31.138259 [debug] [MainThread]: Sending event: {'category': 'dbt', 'action': 'runnable_timing', 'label': 'fac90a19-378a-496e-8dbb-c9d99141ee91', 'context': [<snowplow_tracker.self_describing_json.SelfDescribingJson object at 0x00000200AD305710>]}
[0m16:12:31.138501 [debug] [MainThread]: Using duckdb connection "master"
[0m16:12:31.138632 [debug] [MainThread]: On master: BEGIN
[0m16:12:31.138861 [debug] [MainThread]: Opening a new connection, currently in state init
[0m16:12:31.139118 [debug] [MainThread]: SQL status: OK in 0.000 seconds
[0m16:12:31.139270 [debug] [MainThread]: On master: COMMIT
[0m16:12:31.139540 [debug] [MainThread]: Using duckdb connection "master"
[0m16:12:31.139662 [debug] [MainThread]: On master: COMMIT
[0m16:12:31.139888 [debug] [MainThread]: SQL status: OK in 0.000 seconds
[0m16:12:31.140032 [debug] [MainThread]: On master: Close
[0m16:12:31.141971 [debug] [Thread-1 (]: Began running node snapshot.enterprise_data_platform.snap_customers
[0m16:12:31.142237 [info ] [Thread-1 (]: 1 of 1 START snapshot main.snap_customers ...................................... [RUN]
[0m16:12:31.142630 [debug] [Thread-1 (]: Acquiring new duckdb connection 'snapshot.enterprise_data_platform.snap_customers'
[0m16:12:31.142890 [debug] [Thread-1 (]: Began compiling node snapshot.enterprise_data_platform.snap_customers
[0m16:12:31.148046 [debug] [Thread-1 (]: Writing injected SQL for node "snapshot.enterprise_data_platform.snap_customers"
[0m16:12:31.148556 [debug] [Thread-1 (]: Began executing node snapshot.enterprise_data_platform.snap_customers
[0m16:12:31.180234 [debug] [Thread-1 (]: Using duckdb connection "snapshot.enterprise_data_platform.snap_customers"
[0m16:12:31.180464 [debug] [Thread-1 (]: On snapshot.enterprise_data_platform.snap_customers: /* {"app": "dbt", "dbt_version": "1.12.5", "profile_name": "enterprise_data_platform", "target_name": "dev", "node_id": "snapshot.enterprise_data_platform.snap_customers"} */
DESCRIBE (select * from (
        
    

    select *,
        md5(coalesce(cast(customer_id as varchar ), '')
         || '|' || coalesce(cast(updated_at as varchar ), '')
        ) as dbt_scd_id,
        updated_at as dbt_updated_at,
        updated_at as dbt_valid_from,
        
  
  coalesce(nullif(updated_at, updated_at), null)
  as dbt_valid_to
from (
        
    

    select
        customer_id,
        customer_name,
        customer_tier,
        billing_city,
        billing_country,
        updated_at
    from "warehouse"."main"."silver_customers"
    ) sbq



    ) as __dbt_sbq
    where false
    limit 0
)
[0m16:12:31.180629 [debug] [Thread-1 (]: Opening a new connection, currently in state init
[0m16:12:31.181635 [debug] [Thread-1 (]: SQL status: OK in 0.001 seconds
[0m16:12:31.184460 [debug] [Thread-1 (]: Using duckdb connection "snapshot.enterprise_data_platform.snap_customers"
[0m16:12:31.184656 [debug] [Thread-1 (]: On snapshot.enterprise_data_platform.snap_customers: /* {"app": "dbt", "dbt_version": "1.12.5", "profile_name": "enterprise_data_platform", "target_name": "dev", "node_id": "snapshot.enterprise_data_platform.snap_customers"} */
DESCRIBE (select * from (
        select now()::timestamp as dbt_snapshot_time
    ) as __dbt_sbq
    where false
    limit 0
)
[0m16:12:31.185163 [debug] [Thread-1 (]: SQL status: OK in 0.000 seconds
[0m16:12:31.185486 [debug] [Thread-1 (]: Writing runtime sql for node "snapshot.enterprise_data_platform.snap_customers"
[0m16:12:31.186342 [debug] [Thread-1 (]: Using duckdb connection "snapshot.enterprise_data_platform.snap_customers"
[0m16:12:31.186529 [debug] [Thread-1 (]: On snapshot.enterprise_data_platform.snap_customers: BEGIN
[0m16:12:31.186785 [debug] [Thread-1 (]: SQL status: OK in 0.000 seconds
[0m16:12:31.186941 [debug] [Thread-1 (]: Using duckdb connection "snapshot.enterprise_data_platform.snap_customers"
[0m16:12:31.187084 [debug] [Thread-1 (]: On snapshot.enterprise_data_platform.snap_customers: /* {"app": "dbt", "dbt_version": "1.12.5", "profile_name": "enterprise_data_platform", "target_name": "dev", "node_id": "snapshot.enterprise_data_platform.snap_customers"} */

      
    

    create  table
      "warehouse"."main"."snap_customers"
  
    
    as (
      
    

    select *,
        md5(coalesce(cast(customer_id as varchar ), '')
         || '|' || coalesce(cast(updated_at as varchar ), '')
        ) as dbt_scd_id,
        updated_at as dbt_updated_at,
        updated_at as dbt_valid_from,
        
  
  coalesce(nullif(updated_at, updated_at), null)
  as dbt_valid_to
from (
        
    

    select
        customer_id,
        customer_name,
        customer_tier,
        billing_city,
        billing_country,
        updated_at
    from "warehouse"."main"."silver_customers"
    ) sbq



    );
    
  
  
[0m16:12:31.188300 [debug] [Thread-1 (]: SQL status: OK in 0.001 seconds
[0m16:12:31.196107 [debug] [Thread-1 (]: On snapshot.enterprise_data_platform.snap_customers: COMMIT
[0m16:12:31.196309 [debug] [Thread-1 (]: Using duckdb connection "snapshot.enterprise_data_platform.snap_customers"
[0m16:12:31.196488 [debug] [Thread-1 (]: On snapshot.enterprise_data_platform.snap_customers: COMMIT
[0m16:12:31.197954 [debug] [Thread-1 (]: SQL status: OK in 0.001 seconds
[0m16:12:31.198892 [debug] [Thread-1 (]: On snapshot.enterprise_data_platform.snap_customers: Close
[0m16:12:31.200079 [debug] [Thread-1 (]: Sending event: {'category': 'dbt', 'action': 'run_model', 'label': 'fac90a19-378a-496e-8dbb-c9d99141ee91', 'context': [<snowplow_tracker.self_describing_json.SelfDescribingJson object at 0x00000200AD309850>]}
[0m16:12:31.200526 [info ] [Thread-1 (]: 1 of 1 OK snapshotted main.snap_customers ...................................... [[32mOK[0m in 0.06s]
[0m16:12:31.200943 [debug] [Thread-1 (]: Finished running node snapshot.enterprise_data_platform.snap_customers
[0m16:12:31.201754 [debug] [MainThread]: Using duckdb connection "master"
[0m16:12:31.201940 [debug] [MainThread]: On master: BEGIN
[0m16:12:31.202065 [debug] [MainThread]: Opening a new connection, currently in state closed
[0m16:12:31.202319 [debug] [MainThread]: SQL status: OK in 0.000 seconds
[0m16:12:31.202462 [debug] [MainThread]: On master: COMMIT
[0m16:12:31.202574 [debug] [MainThread]: Using duckdb connection "master"
[0m16:12:31.202681 [debug] [MainThread]: On master: COMMIT
[0m16:12:31.202868 [debug] [MainThread]: SQL status: OK in 0.000 seconds
[0m16:12:31.203002 [debug] [MainThread]: On master: Close
[0m16:12:31.203171 [debug] [MainThread]: Connection 'master' was properly closed.
[0m16:12:31.203285 [debug] [MainThread]: Connection 'create_warehouse_main' was properly closed.
[0m16:12:31.203392 [debug] [MainThread]: Connection 'list_warehouse_main' was properly closed.
[0m16:12:31.203485 [debug] [MainThread]: Connection 'snapshot.enterprise_data_platform.snap_customers' was properly closed.
[0m16:12:31.203600 [info ] [MainThread]: 
[0m16:12:31.203832 [info ] [MainThread]: Finished running 1 snapshot in 0 hours 0 minutes and 0.13 seconds (0.13s).
[0m16:12:31.204207 [debug] [MainThread]: Command end result
[0m16:12:31.219675 [debug] [MainThread]: Wrote artifact WritableManifest to C:\Users\Gebruiker\Data Architect\dbt_transforms\target\manifest.json
[0m16:12:31.221551 [debug] [MainThread]: Wrote artifact SemanticManifest to C:\Users\Gebruiker\Data Architect\dbt_transforms\target\semantic_manifest.json
[0m16:12:31.223406 [debug] [MainThread]: Wrote artifact OsiDocument to C:\Users\Gebruiker\Data Architect\dbt_transforms\target\osi_document.json
[0m16:12:31.226976 [debug] [MainThread]: Wrote artifact RunExecutionResult to C:\Users\Gebruiker\Data Architect\dbt_transforms\target\run_results.json
[0m16:12:31.227149 [info ] [MainThread]: 
[0m16:12:31.227417 [info ] [MainThread]: [32mCompleted successfully[0m
[0m16:12:31.227673 [info ] [MainThread]: 
[0m16:12:31.227888 [info ] [MainThread]: Done. PASS=1 WARN=0 ERROR=0 SKIP=0 NO-OP=0 REUSED=0 TOTAL=1
[0m16:12:31.228361 [debug] [MainThread]: Command `dbt snapshot` succeeded at 16:12:31.228306 after 0.66 seconds
[0m16:12:31.228534 [debug] [MainThread]: Sending event: {'category': 'dbt', 'action': 'invocation', 'label': 'end', 'context': [<snowplow_tracker.self_describing_json.SelfDescribingJson object at 0x00000200AD123750>, <snowplow_tracker.self_describing_json.SelfDescribingJson object at 0x00000200A6222490>, <snowplow_tracker.self_describing_json.SelfDescribingJson object at 0x00000200AD392850>]}
[0m16:12:31.228694 [debug] [MainThread]: Flushing usage events
[0m16:12:31.634193 [debug] [MainThread]: An error was encountered while trying to flush usage events
[0m16:12:32.924022 [debug] [MainThread]: Sending event: {'category': 'dbt', 'action': 'invocation', 'label': 'start', 'context': [<snowplow_tracker.self_describing_json.SelfDescribingJson object at 0x0000023EB72E6120>, <snowplow_tracker.self_describing_json.SelfDescribingJson object at 0x0000023EB4E9CCD0>, <snowplow_tracker.self_describing_json.SelfDescribingJson object at 0x0000023EB9CB39D0>]}


============================== 16:12:32.926505 | 79ca92a6-5e6a-4f0a-8132-7157d76a13b9 ==============================
[0m16:12:32.926505 [info ] [MainThread]: Running with dbt=1.12.5
[0m16:12:32.926884 [debug] [MainThread]: running dbt with arguments {'maximum_seed_size_mib': '1', 'no_print': 'None', 'version_check': 'True', 'target_path': 'None', 'static_parser': 'True', 'warn_error_options': 'WarnErrorOptionsV2(error=[], warn=[], silence=[])', 'printer_width': '80', 'write_json': 'True', 'empty': 'None', 'log_cache_events': 'False', 'introspect': 'True', 'cache_selected_only': 'False', 'fail_fast': 'False', 'debug': 'False', 'log_format': 'default', 'profiles_dir': '.', 'send_anonymous_usage_stats': 'True', 'quiet': 'False', 'warn_error': 'None', 'partial_parse': 'True', 'use_colors': 'True', 'hints_enabled': 'True', 'invocation_command': 'dbt test --profiles-dir .', 'use_experimental_parser': 'False', 'indirect_selection': 'eager', 'log_path': 'C:\\Users\\Gebruiker\\Data Architect\\dbt_transforms\\logs'}
[0m16:12:33.046035 [debug] [MainThread]: Sending event: {'category': 'dbt', 'action': 'project_id', 'label': '79ca92a6-5e6a-4f0a-8132-7157d76a13b9', 'context': [<snowplow_tracker.self_describing_json.SelfDescribingJson object at 0x0000023EB9D3AFD0>]}
[0m16:12:33.077855 [debug] [MainThread]: Sending event: {'category': 'dbt', 'action': 'adapter_info', 'label': '79ca92a6-5e6a-4f0a-8132-7157d76a13b9', 'context': [<snowplow_tracker.self_describing_json.SelfDescribingJson object at 0x0000023EB7ED5D00>]}
[0m16:12:33.079738 [info ] [MainThread]: Registered adapter: duckdb=1.11.0
[0m16:12:33.190999 [debug] [MainThread]: checksum: c9f9e136216c1ef20ffad90a0f58ccdb6fce820aa067ea37b8aafc9294c69e6d, vars: {}, profile: enterprise_data_platform, target: dev, version: 1.12.5
[0m16:12:33.253575 [debug] [MainThread]: Partial parsing enabled: 0 files deleted, 0 files added, 0 files changed.
[0m16:12:33.253776 [debug] [MainThread]: Nothing changed, skipping partial parsing.
[0m16:12:33.253905 [debug] [MainThread]: Partial parsing enabled, no changes found, skipping parsing
[0m16:12:33.259064 [debug] [MainThread]: Sending event: {'category': 'dbt', 'action': 'load_project', 'label': '79ca92a6-5e6a-4f0a-8132-7157d76a13b9', 'context': [<snowplow_tracker.self_describing_json.SelfDescribingJson object at 0x0000023EBA3B4550>]}
[0m16:12:33.315243 [debug] [MainThread]: Wrote artifact WritableManifest to C:\Users\Gebruiker\Data Architect\dbt_transforms\target\manifest.json
[0m16:12:33.317121 [debug] [MainThread]: Wrote artifact SemanticManifest to C:\Users\Gebruiker\Data Architect\dbt_transforms\target\semantic_manifest.json
[0m16:12:33.331539 [debug] [MainThread]: Wrote artifact OsiDocument to C:\Users\Gebruiker\Data Architect\dbt_transforms\target\osi_document.json
[0m16:12:33.344532 [debug] [MainThread]: Sending event: {'category': 'dbt', 'action': 'resource_counts', 'label': '79ca92a6-5e6a-4f0a-8132-7157d76a13b9', 'context': [<snowplow_tracker.self_describing_json.SelfDescribingJson object at 0x0000023EBA464500>]}
[0m16:12:33.344776 [info ] [MainThread]: Found 4 models, 1 snapshot, 500 macros
[0m16:12:33.345040 [debug] [MainThread]: Sending event: {'category': 'dbt', 'action': 'runnable_timing', 'label': '79ca92a6-5e6a-4f0a-8132-7157d76a13b9', 'context': [<snowplow_tracker.self_describing_json.SelfDescribingJson object at 0x0000023EBA4E6C10>]}
[0m16:12:33.346025 [warn ] [MainThread]: [[33mWARNING[0m]: Nothing to do. Try checking your model configs and model specification args
[0m16:12:33.347196 [debug] [MainThread]: Command end result
[0m16:12:33.363059 [debug] [MainThread]: Wrote artifact WritableManifest to C:\Users\Gebruiker\Data Architect\dbt_transforms\target\manifest.json
[0m16:12:33.364794 [debug] [MainThread]: Wrote artifact SemanticManifest to C:\Users\Gebruiker\Data Architect\dbt_transforms\target\semantic_manifest.json
[0m16:12:33.366631 [debug] [MainThread]: Wrote artifact OsiDocument to C:\Users\Gebruiker\Data Architect\dbt_transforms\target\osi_document.json
[0m16:12:33.368997 [debug] [MainThread]: Wrote artifact RunExecutionResult to C:\Users\Gebruiker\Data Architect\dbt_transforms\target\run_results.json
[0m16:12:33.369430 [debug] [MainThread]: Command `dbt test` succeeded at 16:12:33.369368 after 0.52 seconds
[0m16:12:33.369617 [debug] [MainThread]: Sending event: {'category': 'dbt', 'action': 'invocation', 'label': 'end', 'context': [<snowplow_tracker.self_describing_json.SelfDescribingJson object at 0x0000023EB7FF81F0>, <snowplow_tracker.self_describing_json.SelfDescribingJson object at 0x0000023EBA4BE150>, <snowplow_tracker.self_describing_json.SelfDescribingJson object at 0x0000023EBA4BE2D0>]}
[0m16:12:33.369780 [debug] [MainThread]: Flushing usage events
[0m16:12:33.784572 [debug] [MainThread]: An error was encountered while trying to flush usage events
[0m16:14:51.622619 [debug] [MainThread]: Sending event: {'category': 'dbt', 'action': 'invocation', 'label': 'start', 'context': [<snowplow_tracker.self_describing_json.SelfDescribingJson object at 0x0000025A39976120>, <snowplow_tracker.self_describing_json.SelfDescribingJson object at 0x0000025A37508CD0>, <snowplow_tracker.self_describing_json.SelfDescribingJson object at 0x0000025A3C33F9D0>]}


============================== 16:14:51.625284 | fd939ae7-95ea-4b7c-9b0f-76b58344778c ==============================
[0m16:14:51.625284 [info ] [MainThread]: Running with dbt=1.12.5
[0m16:14:51.625665 [debug] [MainThread]: running dbt with arguments {'version_check': 'True', 'no_print': 'None', 'static_parser': 'True', 'target_path': 'None', 'warn_error_options': 'WarnErrorOptionsV2(error=[], warn=[], silence=[])', 'maximum_seed_size_mib': '1', 'printer_width': '80', 'write_json': 'True', 'introspect': 'True', 'log_cache_events': 'False', 'empty': 'False', 'cache_selected_only': 'False', 'log_format': 'default', 'debug': 'False', 'fail_fast': 'False', 'partial_parse': 'True', 'send_anonymous_usage_stats': 'True', 'quiet': 'False', 'warn_error': 'None', 'profiles_dir': '.', 'invocation_command': 'dbt run --select silver gold --profiles-dir .', 'hints_enabled': 'True', 'use_colors': 'True', 'use_experimental_parser': 'False', 'indirect_selection': 'eager', 'log_path': 'C:\\Users\\Gebruiker\\Data Architect\\dbt_transforms\\logs'}
[0m16:14:51.752884 [debug] [MainThread]: Sending event: {'category': 'dbt', 'action': 'project_id', 'label': 'fd939ae7-95ea-4b7c-9b0f-76b58344778c', 'context': [<snowplow_tracker.self_describing_json.SelfDescribingJson object at 0x0000025A3C3CE8B0>]}
[0m16:14:51.786811 [debug] [MainThread]: Sending event: {'category': 'dbt', 'action': 'adapter_info', 'label': 'fd939ae7-95ea-4b7c-9b0f-76b58344778c', 'context': [<snowplow_tracker.self_describing_json.SelfDescribingJson object at 0x0000025A3A565D00>]}
[0m16:14:51.788231 [info ] [MainThread]: Registered adapter: duckdb=1.11.0
[0m16:14:51.901181 [debug] [MainThread]: checksum: c9f9e136216c1ef20ffad90a0f58ccdb6fce820aa067ea37b8aafc9294c69e6d, vars: {}, profile: enterprise_data_platform, target: dev, version: 1.12.5
[0m16:14:51.965552 [debug] [MainThread]: Partial parsing enabled: 0 files deleted, 0 files added, 2 files changed.
[0m16:14:51.965841 [debug] [MainThread]: Partial parsing: updated file: enterprise_data_platform://models\gold\dim_customers.sql
[0m16:14:51.966023 [debug] [MainThread]: Partial parsing: updated file: enterprise_data_platform://models\gold\fct_orders.sql
[0m16:14:52.112598 [debug] [MainThread]: Sending event: {'category': 'dbt', 'action': 'load_project', 'label': 'fd939ae7-95ea-4b7c-9b0f-76b58344778c', 'context': [<snowplow_tracker.self_describing_json.SelfDescribingJson object at 0x0000025A3CA48A50>]}
[0m16:14:52.155666 [debug] [MainThread]: Wrote artifact WritableManifest to C:\Users\Gebruiker\Data Architect\dbt_transforms\target\manifest.json
[0m16:14:52.157926 [debug] [MainThread]: Wrote artifact SemanticManifest to C:\Users\Gebruiker\Data Architect\dbt_transforms\target\semantic_manifest.json
[0m16:14:52.175368 [debug] [MainThread]: Wrote artifact OsiDocument to C:\Users\Gebruiker\Data Architect\dbt_transforms\target\osi_document.json
[0m16:14:52.183371 [debug] [MainThread]: Sending event: {'category': 'dbt', 'action': 'resource_counts', 'label': 'fd939ae7-95ea-4b7c-9b0f-76b58344778c', 'context': [<snowplow_tracker.self_describing_json.SelfDescribingJson object at 0x0000025A3CC217C0>]}
[0m16:14:52.183659 [info ] [MainThread]: Found 4 models, 1 snapshot, 500 macros
[0m16:14:52.183973 [debug] [MainThread]: Sending event: {'category': 'dbt', 'action': 'runnable_timing', 'label': 'fd939ae7-95ea-4b7c-9b0f-76b58344778c', 'context': [<snowplow_tracker.self_describing_json.SelfDescribingJson object at 0x0000025A3CC303D0>]}
[0m16:14:52.185060 [info ] [MainThread]: 
[0m16:14:52.185343 [info ] [MainThread]: Concurrency: 4 threads (target='dev')
[0m16:14:52.185545 [info ] [MainThread]: 
[0m16:14:52.185915 [debug] [MainThread]: Acquiring new duckdb connection 'master'
[0m16:14:52.188635 [debug] [ThreadPool]: Acquiring new duckdb connection 'list_warehouse'
[0m16:14:52.224991 [debug] [ThreadPool]: Using duckdb connection "list_warehouse"
[0m16:14:52.225382 [debug] [ThreadPool]: On list_warehouse: /* {"app": "dbt", "dbt_version": "1.12.5", "profile_name": "enterprise_data_platform", "target_name": "dev", "connection_name": "list_warehouse"} */

    
    select schema_name
    from system.information_schema.schemata
    
    where lower(catalog_name) = '"warehouse"'
    
  
  
[0m16:14:52.225607 [debug] [ThreadPool]: Opening a new connection, currently in state init
[0m16:14:52.240031 [debug] [ThreadPool]: SQL status: OK in 0.014 seconds
[0m16:14:52.240762 [debug] [ThreadPool]: On list_warehouse: Close
[0m16:14:52.241333 [debug] [ThreadPool]: Re-using an available connection from the pool (formerly list_warehouse, now create_warehouse_main)
[0m16:14:52.241621 [debug] [ThreadPool]: Creating schema "database: "warehouse"
schema: "main"
"
[0m16:14:52.245468 [debug] [ThreadPool]: Using duckdb connection "create_warehouse_main"
[0m16:14:52.245656 [debug] [ThreadPool]: On create_warehouse_main: /* {"app": "dbt", "dbt_version": "1.12.5", "profile_name": "enterprise_data_platform", "target_name": "dev", "connection_name": "create_warehouse_main"} */

    
        select type from duckdb_databases()
        where lower(database_name)='warehouse'
        and type != 'duckdb'
    
  
[0m16:14:52.245789 [debug] [ThreadPool]: Opening a new connection, currently in state closed
[0m16:14:52.246326 [debug] [ThreadPool]: SQL status: OK in 0.001 seconds
[0m16:14:52.246948 [debug] [ThreadPool]: Using duckdb connection "create_warehouse_main"
[0m16:14:52.247118 [debug] [ThreadPool]: On create_warehouse_main: BEGIN
[0m16:14:52.247382 [debug] [ThreadPool]: SQL status: OK in 0.000 seconds
[0m16:14:52.247519 [debug] [ThreadPool]: Using duckdb connection "create_warehouse_main"
[0m16:14:52.247632 [debug] [ThreadPool]: On create_warehouse_main: /* {"app": "dbt", "dbt_version": "1.12.5", "profile_name": "enterprise_data_platform", "target_name": "dev", "connection_name": "create_warehouse_main"} */

    
    
        create schema if not exists "warehouse"."main"
    
[0m16:14:52.247880 [debug] [ThreadPool]: SQL status: OK in 0.000 seconds
[0m16:14:52.248247 [debug] [ThreadPool]: On create_warehouse_main: COMMIT
[0m16:14:52.248383 [debug] [ThreadPool]: Using duckdb connection "create_warehouse_main"
[0m16:14:52.248494 [debug] [ThreadPool]: On create_warehouse_main: COMMIT
[0m16:14:52.248723 [debug] [ThreadPool]: SQL status: OK in 0.000 seconds
[0m16:14:52.248863 [debug] [ThreadPool]: On create_warehouse_main: Close
[0m16:14:52.249686 [debug] [ThreadPool]: Acquiring new duckdb connection 'list_warehouse_main'
[0m16:14:52.252029 [debug] [ThreadPool]: Using duckdb connection "list_warehouse_main"
[0m16:14:52.252206 [debug] [ThreadPool]: On list_warehouse_main: BEGIN
[0m16:14:52.252325 [debug] [ThreadPool]: Opening a new connection, currently in state init
[0m16:14:52.252642 [debug] [ThreadPool]: SQL status: OK in 0.000 seconds
[0m16:14:52.252790 [debug] [ThreadPool]: Using duckdb connection "list_warehouse_main"
[0m16:14:52.253020 [debug] [ThreadPool]: On list_warehouse_main: /* {"app": "dbt", "dbt_version": "1.12.5", "profile_name": "enterprise_data_platform", "target_name": "dev", "connection_name": "list_warehouse_main"} */
select
      'warehouse' as database,
      table_name as name,
      table_schema as schema,
      CASE table_type
        WHEN 'BASE TABLE' THEN 'table'
        WHEN 'VIEW' THEN 'view'
        WHEN 'LOCAL TEMPORARY' THEN 'table'
        END as type
    from system.information_schema.tables
    where lower(table_schema) = 'main'
    and lower(table_catalog) = 'warehouse'
  
[0m16:14:52.255242 [debug] [ThreadPool]: SQL status: OK in 0.002 seconds
[0m16:14:52.256255 [debug] [ThreadPool]: On list_warehouse_main: ROLLBACK
[0m16:14:52.256575 [debug] [ThreadPool]: On list_warehouse_main: Close
[0m16:14:52.257321 [debug] [MainThread]: Sending event: {'category': 'dbt', 'action': 'runnable_timing', 'label': 'fd939ae7-95ea-4b7c-9b0f-76b58344778c', 'context': [<snowplow_tracker.self_describing_json.SelfDescribingJson object at 0x0000025A3DEA0E20>]}
[0m16:14:52.257585 [debug] [MainThread]: Using duckdb connection "master"
[0m16:14:52.257742 [debug] [MainThread]: On master: BEGIN
[0m16:14:52.257853 [debug] [MainThread]: Opening a new connection, currently in state init
[0m16:14:52.258107 [debug] [MainThread]: SQL status: OK in 0.000 seconds
[0m16:14:52.258246 [debug] [MainThread]: On master: COMMIT
[0m16:14:52.258357 [debug] [MainThread]: Using duckdb connection "master"
[0m16:14:52.258462 [debug] [MainThread]: On master: COMMIT
[0m16:14:52.258650 [debug] [MainThread]: SQL status: OK in 0.000 seconds
[0m16:14:52.258781 [debug] [MainThread]: On master: Close
[0m16:14:52.261155 [debug] [Thread-1 (]: Began running node model.enterprise_data_platform.silver_customers
[0m16:14:52.261407 [debug] [Thread-2 (]: Began running node model.enterprise_data_platform.silver_orders
[0m16:14:52.261676 [info ] [Thread-1 (]: 1 of 4 START sql view model main.silver_customers .............................. [RUN]
[0m16:14:52.262207 [debug] [Thread-1 (]: Acquiring new duckdb connection 'model.enterprise_data_platform.silver_customers'
[0m16:14:52.262461 [debug] [Thread-1 (]: Began compiling node model.enterprise_data_platform.silver_customers
[0m16:14:52.265237 [debug] [Thread-1 (]: Writing injected SQL for node "model.enterprise_data_platform.silver_customers"
[0m16:14:52.261916 [info ] [Thread-2 (]: 2 of 4 START sql view model main.silver_orders ................................. [RUN]
[0m16:14:52.265796 [debug] [Thread-2 (]: Acquiring new duckdb connection 'model.enterprise_data_platform.silver_orders'
[0m16:14:52.266150 [debug] [Thread-2 (]: Began compiling node model.enterprise_data_platform.silver_orders
[0m16:14:52.266555 [debug] [Thread-2 (]: Writing injected SQL for node "model.enterprise_data_platform.silver_orders"
[0m16:14:52.266891 [debug] [Thread-1 (]: Began executing node model.enterprise_data_platform.silver_customers
[0m16:14:52.282229 [debug] [Thread-1 (]: Writing runtime sql for node "model.enterprise_data_platform.silver_customers"
[0m16:14:52.282625 [debug] [Thread-2 (]: Began executing node model.enterprise_data_platform.silver_orders
[0m16:14:52.284046 [debug] [Thread-2 (]: Writing runtime sql for node "model.enterprise_data_platform.silver_orders"
[0m16:14:52.284470 [debug] [Thread-1 (]: Using duckdb connection "model.enterprise_data_platform.silver_customers"
[0m16:14:52.284678 [debug] [Thread-1 (]: On model.enterprise_data_platform.silver_customers: BEGIN
[0m16:14:52.284828 [debug] [Thread-1 (]: Opening a new connection, currently in state init
[0m16:14:52.285256 [debug] [Thread-2 (]: Using duckdb connection "model.enterprise_data_platform.silver_orders"
[0m16:14:52.285453 [debug] [Thread-2 (]: On model.enterprise_data_platform.silver_orders: BEGIN
[0m16:14:52.285797 [debug] [Thread-2 (]: Opening a new connection, currently in state init
[0m16:14:52.285623 [debug] [Thread-1 (]: SQL status: OK in 0.001 seconds
[0m16:14:52.286075 [debug] [Thread-1 (]: Using duckdb connection "model.enterprise_data_platform.silver_customers"
[0m16:14:52.286273 [debug] [Thread-1 (]: On model.enterprise_data_platform.silver_customers: /* {"app": "dbt", "dbt_version": "1.12.5", "profile_name": "enterprise_data_platform", "target_name": "dev", "node_id": "model.enterprise_data_platform.silver_customers"} */

  
  create view "warehouse"."main"."silver_customers__dbt_tmp" as (
    with source_customers as (
    select * from (values
        ('CUST-44021', 'Acme Corp', 'Tier 2', 'Amsterdam', 'Netherlands', timestamp '2026-01-15 08:00:00'),
        ('CUST-44022', 'Global Logistics', 'Tier 1', 'Frankfurt', 'Germany', timestamp '2026-01-15 08:00:00'),
        ('CUST-44021', 'Acme Corp', 'Tier 1', 'Rotterdam', 'Netherlands', timestamp '2026-04-10 11:30:00')
    ) as raw(customer_id, customer_name, customer_tier, billing_city, billing_country, updated_at)
)
select
    customer_id,
    customer_name,
    customer_tier,
    billing_city,
    billing_country,
    updated_at
from source_customers
  );

[0m16:14:52.286455 [debug] [Thread-2 (]: SQL status: OK in 0.001 seconds
[0m16:14:52.286736 [debug] [Thread-2 (]: Using duckdb connection "model.enterprise_data_platform.silver_orders"
[0m16:14:52.286888 [debug] [Thread-2 (]: On model.enterprise_data_platform.silver_orders: /* {"app": "dbt", "dbt_version": "1.12.5", "profile_name": "enterprise_data_platform", "target_name": "dev", "node_id": "model.enterprise_data_platform.silver_orders"} */

  
  create view "warehouse"."main"."silver_orders__dbt_tmp" as (
    with source_orders as (
    select * from (values
        ('ORD-109283', 'CUST-44021', 'FULFILLED', 'EUR', 482.50, timestamp '2026-02-14 09:30:00'),
        ('ORD-109284', 'CUST-44021', 'FULFILLED', 'EUR', 1200.00, timestamp '2026-04-15 14:00:00')
    ) as raw(order_id, customer_id, order_status, currency, order_total, order_timestamp)
)
select
    order_id,
    customer_id,
    order_status,
    currency,
    order_total,
    order_timestamp
from source_orders
  );

[0m16:14:52.287155 [debug] [Thread-1 (]: SQL status: OK in 0.000 seconds
[0m16:14:52.289894 [debug] [Thread-1 (]: Using duckdb connection "model.enterprise_data_platform.silver_customers"
[0m16:14:52.290387 [debug] [Thread-1 (]: On model.enterprise_data_platform.silver_customers: /* {"app": "dbt", "dbt_version": "1.12.5", "profile_name": "enterprise_data_platform", "target_name": "dev", "node_id": "model.enterprise_data_platform.silver_customers"} */
alter view "warehouse"."main"."silver_customers" rename to "silver_customers__dbt_backup"
[0m16:14:52.290154 [debug] [Thread-2 (]: SQL status: OK in 0.003 seconds
[0m16:14:52.291485 [debug] [Thread-2 (]: Using duckdb connection "model.enterprise_data_platform.silver_orders"
[0m16:14:52.291667 [debug] [Thread-2 (]: On model.enterprise_data_platform.silver_orders: /* {"app": "dbt", "dbt_version": "1.12.5", "profile_name": "enterprise_data_platform", "target_name": "dev", "node_id": "model.enterprise_data_platform.silver_orders"} */
alter view "warehouse"."main"."silver_orders" rename to "silver_orders__dbt_backup"
[0m16:14:52.291850 [debug] [Thread-1 (]: SQL status: OK in 0.001 seconds
[0m16:14:52.293113 [debug] [Thread-1 (]: Using duckdb connection "model.enterprise_data_platform.silver_customers"
[0m16:14:52.293295 [debug] [Thread-1 (]: On model.enterprise_data_platform.silver_customers: /* {"app": "dbt", "dbt_version": "1.12.5", "profile_name": "enterprise_data_platform", "target_name": "dev", "node_id": "model.enterprise_data_platform.silver_customers"} */
alter view "warehouse"."main"."silver_customers__dbt_tmp" rename to "silver_customers"
[0m16:14:52.293478 [debug] [Thread-2 (]: SQL status: OK in 0.001 seconds
[0m16:14:52.294450 [debug] [Thread-2 (]: Using duckdb connection "model.enterprise_data_platform.silver_orders"
[0m16:14:52.294621 [debug] [Thread-2 (]: On model.enterprise_data_platform.silver_orders: /* {"app": "dbt", "dbt_version": "1.12.5", "profile_name": "enterprise_data_platform", "target_name": "dev", "node_id": "model.enterprise_data_platform.silver_orders"} */
alter view "warehouse"."main"."silver_orders__dbt_tmp" rename to "silver_orders"
[0m16:14:52.294797 [debug] [Thread-1 (]: SQL status: OK in 0.001 seconds
[0m16:14:52.302200 [debug] [Thread-1 (]: On model.enterprise_data_platform.silver_customers: COMMIT
[0m16:14:52.302457 [debug] [Thread-1 (]: Using duckdb connection "model.enterprise_data_platform.silver_customers"
[0m16:14:52.302847 [debug] [Thread-1 (]: On model.enterprise_data_platform.silver_customers: COMMIT
[0m16:14:52.302649 [debug] [Thread-2 (]: SQL status: OK in 0.008 seconds
[0m16:14:52.303635 [debug] [Thread-2 (]: On model.enterprise_data_platform.silver_orders: COMMIT
[0m16:14:52.303810 [debug] [Thread-2 (]: Using duckdb connection "model.enterprise_data_platform.silver_orders"
[0m16:14:52.303952 [debug] [Thread-2 (]: On model.enterprise_data_platform.silver_orders: COMMIT
[0m16:14:52.304429 [debug] [Thread-1 (]: SQL status: OK in 0.001 seconds
[0m16:14:52.306894 [debug] [Thread-1 (]: Using duckdb connection "model.enterprise_data_platform.silver_customers"
[0m16:14:52.307104 [debug] [Thread-1 (]: On model.enterprise_data_platform.silver_customers: /* {"app": "dbt", "dbt_version": "1.12.5", "profile_name": "enterprise_data_platform", "target_name": "dev", "node_id": "model.enterprise_data_platform.silver_customers"} */

      drop view if exists "warehouse"."main"."silver_customers__dbt_backup" cascade
    
[0m16:14:52.307293 [debug] [Thread-2 (]: SQL status: OK in 0.003 seconds
[0m16:14:52.308219 [debug] [Thread-2 (]: Using duckdb connection "model.enterprise_data_platform.silver_orders"
[0m16:14:52.308391 [debug] [Thread-2 (]: On model.enterprise_data_platform.silver_orders: /* {"app": "dbt", "dbt_version": "1.12.5", "profile_name": "enterprise_data_platform", "target_name": "dev", "node_id": "model.enterprise_data_platform.silver_orders"} */

      drop view if exists "warehouse"."main"."silver_orders__dbt_backup" cascade
    
[0m16:14:52.309075 [debug] [Thread-1 (]: SQL status: OK in 0.002 seconds
[0m16:14:52.310256 [debug] [Thread-1 (]: On model.enterprise_data_platform.silver_customers: Close
[0m16:14:52.310477 [debug] [Thread-2 (]: SQL status: OK in 0.002 seconds
[0m16:14:52.311656 [debug] [Thread-2 (]: On model.enterprise_data_platform.silver_orders: Close
[0m16:14:52.312206 [debug] [Thread-1 (]: Sending event: {'category': 'dbt', 'action': 'run_model', 'label': 'fd939ae7-95ea-4b7c-9b0f-76b58344778c', 'context': [<snowplow_tracker.self_describing_json.SelfDescribingJson object at 0x0000025A3CCC5FD0>]}
[0m16:14:52.312423 [debug] [Thread-2 (]: Sending event: {'category': 'dbt', 'action': 'run_model', 'label': 'fd939ae7-95ea-4b7c-9b0f-76b58344778c', 'context': [<snowplow_tracker.self_describing_json.SelfDescribingJson object at 0x0000025A39E928E0>]}
[0m16:14:52.312755 [info ] [Thread-1 (]: 1 of 4 OK created sql view model main.silver_customers ......................... [[32mOK[0m in 0.05s]
[0m16:14:52.313354 [debug] [Thread-1 (]: Finished running node model.enterprise_data_platform.silver_customers
[0m16:14:52.313044 [info ] [Thread-2 (]: 2 of 4 OK created sql view model main.silver_orders ............................ [[32mOK[0m in 0.05s]
[0m16:14:52.314177 [debug] [Thread-2 (]: Finished running node model.enterprise_data_platform.silver_orders
[0m16:14:52.314412 [debug] [Thread-3 (]: Began running node model.enterprise_data_platform.dim_customers
[0m16:14:52.314807 [info ] [Thread-3 (]: 3 of 4 START sql view model main.dim_customers ................................. [RUN]
[0m16:14:52.315190 [debug] [Thread-3 (]: Acquiring new duckdb connection 'model.enterprise_data_platform.dim_customers'
[0m16:14:52.315367 [debug] [Thread-3 (]: Began compiling node model.enterprise_data_platform.dim_customers
[0m16:14:52.316352 [debug] [Thread-3 (]: Writing injected SQL for node "model.enterprise_data_platform.dim_customers"
[0m16:14:52.316873 [debug] [Thread-3 (]: Began executing node model.enterprise_data_platform.dim_customers
[0m16:14:52.318321 [debug] [Thread-3 (]: Writing runtime sql for node "model.enterprise_data_platform.dim_customers"
[0m16:14:52.318903 [debug] [Thread-3 (]: Using duckdb connection "model.enterprise_data_platform.dim_customers"
[0m16:14:52.319096 [debug] [Thread-3 (]: On model.enterprise_data_platform.dim_customers: BEGIN
[0m16:14:52.319237 [debug] [Thread-3 (]: Opening a new connection, currently in state init
[0m16:14:52.319508 [debug] [Thread-3 (]: SQL status: OK in 0.000 seconds
[0m16:14:52.319715 [debug] [Thread-3 (]: Using duckdb connection "model.enterprise_data_platform.dim_customers"
[0m16:14:52.320006 [debug] [Thread-3 (]: On model.enterprise_data_platform.dim_customers: /* {"app": "dbt", "dbt_version": "1.12.5", "profile_name": "enterprise_data_platform", "target_name": "dev", "node_id": "model.enterprise_data_platform.dim_customers"} */

  
  create view "warehouse"."main"."dim_customers__dbt_tmp" as (
    

-- Consolidates SCD2 snapshot into an analyst-friendly Dimension table
-- Exposing deterministic surrogate keys and temporal validity bounds

with customer_snapshot as (
    select * from "warehouse"."main"."snap_customers"
)

select
    md5(
        cast(
            concat(
                coalesce(cast(customer_id as varchar), ''),
                '-',
                coalesce(cast(dbt_valid_from as varchar), '')
            ) as varchar
        )
    ) as customer_sk,
    customer_id,
    customer_name,
    customer_tier,
    billing_city,
    billing_country,
    dbt_valid_from as valid_from,
    dbt_valid_to as valid_to,
    case when dbt_valid_to is null then true else false end as is_current
from customer_snapshot
  );

[0m16:14:52.320647 [debug] [Thread-3 (]: SQL status: OK in 0.000 seconds
[0m16:14:52.321619 [debug] [Thread-3 (]: Using duckdb connection "model.enterprise_data_platform.dim_customers"
[0m16:14:52.321789 [debug] [Thread-3 (]: On model.enterprise_data_platform.dim_customers: /* {"app": "dbt", "dbt_version": "1.12.5", "profile_name": "enterprise_data_platform", "target_name": "dev", "node_id": "model.enterprise_data_platform.dim_customers"} */
alter table "warehouse"."main"."dim_customers" rename to "dim_customers__dbt_backup"
[0m16:14:52.322118 [debug] [Thread-3 (]: SQL status: OK in 0.000 seconds
[0m16:14:52.323089 [debug] [Thread-3 (]: Using duckdb connection "model.enterprise_data_platform.dim_customers"
[0m16:14:52.323269 [debug] [Thread-3 (]: On model.enterprise_data_platform.dim_customers: /* {"app": "dbt", "dbt_version": "1.12.5", "profile_name": "enterprise_data_platform", "target_name": "dev", "node_id": "model.enterprise_data_platform.dim_customers"} */
alter view "warehouse"."main"."dim_customers__dbt_tmp" rename to "dim_customers"
[0m16:14:52.323649 [debug] [Thread-3 (]: SQL status: OK in 0.000 seconds
[0m16:14:52.324391 [debug] [Thread-3 (]: On model.enterprise_data_platform.dim_customers: COMMIT
[0m16:14:52.324558 [debug] [Thread-3 (]: Using duckdb connection "model.enterprise_data_platform.dim_customers"
[0m16:14:52.324694 [debug] [Thread-3 (]: On model.enterprise_data_platform.dim_customers: COMMIT
[0m16:14:52.325859 [debug] [Thread-3 (]: SQL status: OK in 0.001 seconds
[0m16:14:52.326557 [debug] [Thread-3 (]: Using duckdb connection "model.enterprise_data_platform.dim_customers"
[0m16:14:52.326715 [debug] [Thread-3 (]: On model.enterprise_data_platform.dim_customers: /* {"app": "dbt", "dbt_version": "1.12.5", "profile_name": "enterprise_data_platform", "target_name": "dev", "node_id": "model.enterprise_data_platform.dim_customers"} */

      drop table if exists "warehouse"."main"."dim_customers__dbt_backup" cascade
    
[0m16:14:52.327773 [debug] [Thread-3 (]: SQL status: OK in 0.001 seconds
[0m16:14:52.328362 [debug] [Thread-3 (]: On model.enterprise_data_platform.dim_customers: Close
[0m16:14:52.328599 [debug] [Thread-3 (]: Sending event: {'category': 'dbt', 'action': 'run_model', 'label': 'fd939ae7-95ea-4b7c-9b0f-76b58344778c', 'context': [<snowplow_tracker.self_describing_json.SelfDescribingJson object at 0x0000025A3DF7D3B0>]}
[0m16:14:52.328858 [info ] [Thread-3 (]: 3 of 4 OK created sql view model main.dim_customers ............................ [[32mOK[0m in 0.01s]
[0m16:14:52.329405 [debug] [Thread-3 (]: Finished running node model.enterprise_data_platform.dim_customers
[0m16:14:52.330029 [debug] [Thread-4 (]: Began running node model.enterprise_data_platform.fct_orders
[0m16:14:52.330433 [info ] [Thread-4 (]: 4 of 4 START sql table model main.fct_orders ................................... [RUN]
[0m16:14:52.330770 [debug] [Thread-4 (]: Acquiring new duckdb connection 'model.enterprise_data_platform.fct_orders'
[0m16:14:52.330932 [debug] [Thread-4 (]: Began compiling node model.enterprise_data_platform.fct_orders
[0m16:14:52.332123 [debug] [Thread-4 (]: Writing injected SQL for node "model.enterprise_data_platform.fct_orders"
[0m16:14:52.332783 [debug] [Thread-4 (]: Began executing node model.enterprise_data_platform.fct_orders
[0m16:14:52.351234 [debug] [Thread-4 (]: Writing runtime sql for node "model.enterprise_data_platform.fct_orders"
[0m16:14:52.351858 [debug] [Thread-4 (]: Using duckdb connection "model.enterprise_data_platform.fct_orders"
[0m16:14:52.352051 [debug] [Thread-4 (]: On model.enterprise_data_platform.fct_orders: BEGIN
[0m16:14:52.352191 [debug] [Thread-4 (]: Opening a new connection, currently in state init
[0m16:14:52.352486 [debug] [Thread-4 (]: SQL status: OK in 0.000 seconds
[0m16:14:52.352648 [debug] [Thread-4 (]: Using duckdb connection "model.enterprise_data_platform.fct_orders"
[0m16:14:52.352794 [debug] [Thread-4 (]: On model.enterprise_data_platform.fct_orders: /* {"app": "dbt", "dbt_version": "1.12.5", "profile_name": "enterprise_data_platform", "target_name": "dev", "node_id": "model.enterprise_data_platform.fct_orders"} */

    

    create  table
      "warehouse"."main"."fct_orders__dbt_tmp"
  
    
    as (
      

-- Orders Fact Table joined to Customer Dimension via Point-in-Time Lookup
-- Guarantees that order metrics reflect the customer's state at order placement time

with orders as (
    select * from "warehouse"."main"."silver_orders"
),

dim_customers as (
    select * from "warehouse"."main"."dim_customers"
)

select
    o.order_id,
    c.customer_sk,
    o.customer_id,
    o.order_status,
    o.currency,
    o.order_total,
    o.order_timestamp,
    c.billing_city as attributed_billing_city,
    c.customer_tier as attributed_customer_tier
from orders o
left join dim_customers c
    on o.customer_id = c.customer_id
   and o.order_timestamp >= c.valid_from
   and (o.order_timestamp < c.valid_to or c.valid_to is null)
    );
    
  
[0m16:14:52.354747 [debug] [Thread-4 (]: SQL status: OK in 0.002 seconds
[0m16:14:52.357056 [debug] [Thread-4 (]: Using duckdb connection "model.enterprise_data_platform.fct_orders"
[0m16:14:52.357248 [debug] [Thread-4 (]: On model.enterprise_data_platform.fct_orders: /* {"app": "dbt", "dbt_version": "1.12.5", "profile_name": "enterprise_data_platform", "target_name": "dev", "node_id": "model.enterprise_data_platform.fct_orders"} */

    SELECT index_name
    FROM duckdb_indexes()
    WHERE database_name = 'warehouse'
      AND schema_name = 'main'
      AND table_name = 'fct_orders'
  
[0m16:14:52.357745 [debug] [Thread-4 (]: SQL status: OK in 0.000 seconds
[0m16:14:52.358745 [debug] [Thread-4 (]: Using duckdb connection "model.enterprise_data_platform.fct_orders"
[0m16:14:52.358913 [debug] [Thread-4 (]: On model.enterprise_data_platform.fct_orders: /* {"app": "dbt", "dbt_version": "1.12.5", "profile_name": "enterprise_data_platform", "target_name": "dev", "node_id": "model.enterprise_data_platform.fct_orders"} */
alter table "warehouse"."main"."fct_orders" rename to "fct_orders__dbt_backup"
[0m16:14:52.359379 [debug] [Thread-4 (]: SQL status: OK in 0.000 seconds
[0m16:14:52.360694 [debug] [Thread-4 (]: Using duckdb connection "model.enterprise_data_platform.fct_orders"
[0m16:14:52.360936 [debug] [Thread-4 (]: On model.enterprise_data_platform.fct_orders: /* {"app": "dbt", "dbt_version": "1.12.5", "profile_name": "enterprise_data_platform", "target_name": "dev", "node_id": "model.enterprise_data_platform.fct_orders"} */
alter table "warehouse"."main"."fct_orders__dbt_tmp" rename to "fct_orders"
[0m16:14:52.361346 [debug] [Thread-4 (]: SQL status: OK in 0.000 seconds
[0m16:14:52.363823 [debug] [Thread-4 (]: On model.enterprise_data_platform.fct_orders: COMMIT
[0m16:14:52.364010 [debug] [Thread-4 (]: Using duckdb connection "model.enterprise_data_platform.fct_orders"
[0m16:14:52.364153 [debug] [Thread-4 (]: On model.enterprise_data_platform.fct_orders: COMMIT
[0m16:14:52.365353 [debug] [Thread-4 (]: SQL status: OK in 0.001 seconds
[0m16:14:52.366007 [debug] [Thread-4 (]: Using duckdb connection "model.enterprise_data_platform.fct_orders"
[0m16:14:52.366165 [debug] [Thread-4 (]: On model.enterprise_data_platform.fct_orders: /* {"app": "dbt", "dbt_version": "1.12.5", "profile_name": "enterprise_data_platform", "target_name": "dev", "node_id": "model.enterprise_data_platform.fct_orders"} */

      drop table if exists "warehouse"."main"."fct_orders__dbt_backup" cascade
    
[0m16:14:52.367121 [debug] [Thread-4 (]: SQL status: OK in 0.001 seconds
[0m16:14:52.367706 [debug] [Thread-4 (]: On model.enterprise_data_platform.fct_orders: Close
[0m16:14:52.367946 [debug] [Thread-4 (]: Sending event: {'category': 'dbt', 'action': 'run_model', 'label': 'fd939ae7-95ea-4b7c-9b0f-76b58344778c', 'context': [<snowplow_tracker.self_describing_json.SelfDescribingJson object at 0x0000025A3C32CD50>]}
[0m16:14:52.368259 [info ] [Thread-4 (]: 4 of 4 OK created sql table model main.fct_orders .............................. [[32mOK[0m in 0.04s]
[0m16:14:52.368669 [debug] [Thread-4 (]: Finished running node model.enterprise_data_platform.fct_orders
[0m16:14:52.369497 [debug] [MainThread]: Using duckdb connection "master"
[0m16:14:52.369669 [debug] [MainThread]: On master: BEGIN
[0m16:14:52.369787 [debug] [MainThread]: Opening a new connection, currently in state closed
[0m16:14:52.370048 [debug] [MainThread]: SQL status: OK in 0.000 seconds
[0m16:14:52.370186 [debug] [MainThread]: On master: COMMIT
[0m16:14:52.370297 [debug] [MainThread]: Using duckdb connection "master"
[0m16:14:52.370401 [debug] [MainThread]: On master: COMMIT
[0m16:14:52.370584 [debug] [MainThread]: SQL status: OK in 0.000 seconds
[0m16:14:52.370713 [debug] [MainThread]: On master: Close
[0m16:14:52.370877 [debug] [MainThread]: Connection 'master' was properly closed.
[0m16:14:52.370990 [debug] [MainThread]: Connection 'create_warehouse_main' was properly closed.
[0m16:14:52.371103 [debug] [MainThread]: Connection 'list_warehouse_main' was properly closed.
[0m16:14:52.371202 [debug] [MainThread]: Connection 'model.enterprise_data_platform.silver_customers' was properly closed.
[0m16:14:52.371296 [debug] [MainThread]: Connection 'model.enterprise_data_platform.silver_orders' was properly closed.
[0m16:14:52.371391 [debug] [MainThread]: Connection 'model.enterprise_data_platform.dim_customers' was properly closed.
[0m16:14:52.371484 [debug] [MainThread]: Connection 'model.enterprise_data_platform.fct_orders' was properly closed.
[0m16:14:52.371625 [info ] [MainThread]: 
[0m16:14:52.371860 [info ] [MainThread]: Finished running 1 table model, 3 view models in 0 hours 0 minutes and 0.19 seconds (0.19s).
[0m16:14:52.372394 [debug] [MainThread]: Command end result
[0m16:14:52.389520 [debug] [MainThread]: Wrote artifact WritableManifest to C:\Users\Gebruiker\Data Architect\dbt_transforms\target\manifest.json
[0m16:14:52.391435 [debug] [MainThread]: Wrote artifact SemanticManifest to C:\Users\Gebruiker\Data Architect\dbt_transforms\target\semantic_manifest.json
[0m16:14:52.393367 [debug] [MainThread]: Wrote artifact OsiDocument to C:\Users\Gebruiker\Data Architect\dbt_transforms\target\osi_document.json
[0m16:14:52.396934 [debug] [MainThread]: Wrote artifact RunExecutionResult to C:\Users\Gebruiker\Data Architect\dbt_transforms\target\run_results.json
[0m16:14:52.397117 [info ] [MainThread]: 
[0m16:14:52.397526 [info ] [MainThread]: [32mCompleted successfully[0m
[0m16:14:52.397892 [info ] [MainThread]: 
[0m16:14:52.398115 [info ] [MainThread]: Done. PASS=4 WARN=0 ERROR=0 SKIP=0 NO-OP=0 REUSED=0 TOTAL=4
[0m16:14:52.398589 [debug] [MainThread]: Command `dbt run` succeeded at 16:14:52.398531 after 0.86 seconds
[0m16:14:52.398767 [debug] [MainThread]: Sending event: {'category': 'dbt', 'action': 'invocation', 'label': 'end', 'context': [<snowplow_tracker.self_describing_json.SelfDescribingJson object at 0x0000025A3C3C0590>, <snowplow_tracker.self_describing_json.SelfDescribingJson object at 0x0000025A3C1137E0>, <snowplow_tracker.self_describing_json.SelfDescribingJson object at 0x0000025A3A6632F0>]}
[0m16:14:52.398927 [debug] [MainThread]: Flushing usage events
[0m16:14:52.818454 [debug] [MainThread]: An error was encountered while trying to flush usage events
[0m16:14:54.148992 [debug] [MainThread]: Sending event: {'category': 'dbt', 'action': 'invocation', 'label': 'start', 'context': [<snowplow_tracker.self_describing_json.SelfDescribingJson object at 0x0000013B59496120>, <snowplow_tracker.self_describing_json.SelfDescribingJson object at 0x0000013B57018CD0>, <snowplow_tracker.self_describing_json.SelfDescribingJson object at 0x0000013B5BE5F9D0>]}


============================== 16:14:54.151623 | ed646acb-7ba9-4aef-bea0-e2ff73257314 ==============================
[0m16:14:54.151623 [info ] [MainThread]: Running with dbt=1.12.5
[0m16:14:54.151949 [debug] [MainThread]: running dbt with arguments {'static_parser': 'True', 'no_print': 'None', 'version_check': 'True', 'target_path': 'None', 'maximum_seed_size_mib': '1', 'warn_error_options': 'WarnErrorOptionsV2(error=[], warn=[], silence=[])', 'printer_width': '80', 'write_json': 'True', 'empty': 'False', 'log_cache_events': 'False', 'introspect': 'True', 'cache_selected_only': 'False', 'log_format': 'default', 'debug': 'False', 'fail_fast': 'False', 'profiles_dir': '.', 'send_anonymous_usage_stats': 'True', 'quiet': 'False', 'warn_error': 'None', 'partial_parse': 'True', 'indirect_selection': 'eager', 'hints_enabled': 'True', 'use_colors': 'True', 'use_experimental_parser': 'False', 'invocation_command': 'dbt snapshot --profiles-dir .', 'log_path': 'C:\\Users\\Gebruiker\\Data Architect\\dbt_transforms\\logs'}
[0m16:14:54.274797 [debug] [MainThread]: Sending event: {'category': 'dbt', 'action': 'project_id', 'label': 'ed646acb-7ba9-4aef-bea0-e2ff73257314', 'context': [<snowplow_tracker.self_describing_json.SelfDescribingJson object at 0x0000013B5BEEAFD0>]}
[0m16:14:54.308948 [debug] [MainThread]: Sending event: {'category': 'dbt', 'action': 'adapter_info', 'label': 'ed646acb-7ba9-4aef-bea0-e2ff73257314', 'context': [<snowplow_tracker.self_describing_json.SelfDescribingJson object at 0x0000013B5A085D00>]}
[0m16:14:54.310476 [info ] [MainThread]: Registered adapter: duckdb=1.11.0
[0m16:14:54.424239 [debug] [MainThread]: checksum: c9f9e136216c1ef20ffad90a0f58ccdb6fce820aa067ea37b8aafc9294c69e6d, vars: {}, profile: enterprise_data_platform, target: dev, version: 1.12.5
[0m16:14:54.493089 [debug] [MainThread]: Partial parsing enabled: 0 files deleted, 0 files added, 0 files changed.
[0m16:14:54.493283 [debug] [MainThread]: Nothing changed, skipping partial parsing.
[0m16:14:54.493416 [debug] [MainThread]: Partial parsing enabled, no changes found, skipping parsing
[0m16:14:54.498499 [debug] [MainThread]: Sending event: {'category': 'dbt', 'action': 'load_project', 'label': 'ed646acb-7ba9-4aef-bea0-e2ff73257314', 'context': [<snowplow_tracker.self_describing_json.SelfDescribingJson object at 0x0000013B5C588550>]}
[0m16:14:54.555161 [debug] [MainThread]: Wrote artifact WritableManifest to C:\Users\Gebruiker\Data Architect\dbt_transforms\target\manifest.json
[0m16:14:54.557265 [debug] [MainThread]: Wrote artifact SemanticManifest to C:\Users\Gebruiker\Data Architect\dbt_transforms\target\semantic_manifest.json
[0m16:14:54.572442 [debug] [MainThread]: Wrote artifact OsiDocument to C:\Users\Gebruiker\Data Architect\dbt_transforms\target\osi_document.json
[0m16:14:54.579511 [debug] [MainThread]: Sending event: {'category': 'dbt', 'action': 'resource_counts', 'label': 'ed646acb-7ba9-4aef-bea0-e2ff73257314', 'context': [<snowplow_tracker.self_describing_json.SelfDescribingJson object at 0x0000013B5C613C50>]}
[0m16:14:54.579746 [info ] [MainThread]: Found 4 models, 1 snapshot, 500 macros
[0m16:14:54.580148 [debug] [MainThread]: Sending event: {'category': 'dbt', 'action': 'runnable_timing', 'label': 'ed646acb-7ba9-4aef-bea0-e2ff73257314', 'context': [<snowplow_tracker.self_describing_json.SelfDescribingJson object at 0x0000013B5C61A350>]}
[0m16:14:54.581253 [info ] [MainThread]: 
[0m16:14:54.581534 [info ] [MainThread]: Concurrency: 4 threads (target='dev')
[0m16:14:54.581788 [info ] [MainThread]: 
[0m16:14:54.582099 [debug] [MainThread]: Acquiring new duckdb connection 'master'
[0m16:14:54.582668 [debug] [ThreadPool]: Acquiring new duckdb connection 'list_warehouse'
[0m16:14:54.617536 [debug] [ThreadPool]: Using duckdb connection "list_warehouse"
[0m16:14:54.617730 [debug] [ThreadPool]: On list_warehouse: /* {"app": "dbt", "dbt_version": "1.12.5", "profile_name": "enterprise_data_platform", "target_name": "dev", "connection_name": "list_warehouse"} */

    
    select schema_name
    from system.information_schema.schemata
    
    where lower(catalog_name) = '"warehouse"'
    
  
  
[0m16:14:54.617867 [debug] [ThreadPool]: Opening a new connection, currently in state init
[0m16:14:54.631454 [debug] [ThreadPool]: SQL status: OK in 0.014 seconds
[0m16:14:54.632145 [debug] [ThreadPool]: On list_warehouse: Close
[0m16:14:54.632561 [debug] [ThreadPool]: Re-using an available connection from the pool (formerly list_warehouse, now create_warehouse_main)
[0m16:14:54.632802 [debug] [ThreadPool]: Creating schema "database: "warehouse"
schema: "main"
"
[0m16:14:54.636556 [debug] [ThreadPool]: Using duckdb connection "create_warehouse_main"
[0m16:14:54.636744 [debug] [ThreadPool]: On create_warehouse_main: /* {"app": "dbt", "dbt_version": "1.12.5", "profile_name": "enterprise_data_platform", "target_name": "dev", "connection_name": "create_warehouse_main"} */

    
        select type from duckdb_databases()
        where lower(database_name)='warehouse'
        and type != 'duckdb'
    
  
[0m16:14:54.636876 [debug] [ThreadPool]: Opening a new connection, currently in state closed
[0m16:14:54.637425 [debug] [ThreadPool]: SQL status: OK in 0.001 seconds
[0m16:14:54.638082 [debug] [ThreadPool]: Using duckdb connection "create_warehouse_main"
[0m16:14:54.638265 [debug] [ThreadPool]: On create_warehouse_main: BEGIN
[0m16:14:54.638507 [debug] [ThreadPool]: SQL status: OK in 0.000 seconds
[0m16:14:54.638644 [debug] [ThreadPool]: Using duckdb connection "create_warehouse_main"
[0m16:14:54.638757 [debug] [ThreadPool]: On create_warehouse_main: /* {"app": "dbt", "dbt_version": "1.12.5", "profile_name": "enterprise_data_platform", "target_name": "dev", "connection_name": "create_warehouse_main"} */

    
    
        create schema if not exists "warehouse"."main"
    
[0m16:14:54.638999 [debug] [ThreadPool]: SQL status: OK in 0.000 seconds
[0m16:14:54.639368 [debug] [ThreadPool]: On create_warehouse_main: COMMIT
[0m16:14:54.639507 [debug] [ThreadPool]: Using duckdb connection "create_warehouse_main"
[0m16:14:54.639630 [debug] [ThreadPool]: On create_warehouse_main: COMMIT
[0m16:14:54.639837 [debug] [ThreadPool]: SQL status: OK in 0.000 seconds
[0m16:14:54.639980 [debug] [ThreadPool]: On create_warehouse_main: Close
[0m16:14:54.642709 [debug] [ThreadPool]: Acquiring new duckdb connection 'list_warehouse_main'
[0m16:14:54.645070 [debug] [ThreadPool]: Using duckdb connection "list_warehouse_main"
[0m16:14:54.645247 [debug] [ThreadPool]: On list_warehouse_main: BEGIN
[0m16:14:54.645369 [debug] [ThreadPool]: Opening a new connection, currently in state init
[0m16:14:54.645659 [debug] [ThreadPool]: SQL status: OK in 0.000 seconds
[0m16:14:54.645809 [debug] [ThreadPool]: Using duckdb connection "list_warehouse_main"
[0m16:14:54.645931 [debug] [ThreadPool]: On list_warehouse_main: /* {"app": "dbt", "dbt_version": "1.12.5", "profile_name": "enterprise_data_platform", "target_name": "dev", "connection_name": "list_warehouse_main"} */
select
      'warehouse' as database,
      table_name as name,
      table_schema as schema,
      CASE table_type
        WHEN 'BASE TABLE' THEN 'table'
        WHEN 'VIEW' THEN 'view'
        WHEN 'LOCAL TEMPORARY' THEN 'table'
        END as type
    from system.information_schema.tables
    where lower(table_schema) = 'main'
    and lower(table_catalog) = 'warehouse'
  
[0m16:14:54.648192 [debug] [ThreadPool]: SQL status: OK in 0.002 seconds
[0m16:14:54.648848 [debug] [ThreadPool]: On list_warehouse_main: ROLLBACK
[0m16:14:54.649115 [debug] [ThreadPool]: On list_warehouse_main: Close
[0m16:14:54.649822 [debug] [MainThread]: Sending event: {'category': 'dbt', 'action': 'runnable_timing', 'label': 'ed646acb-7ba9-4aef-bea0-e2ff73257314', 'context': [<snowplow_tracker.self_describing_json.SelfDescribingJson object at 0x0000013B5C875710>]}
[0m16:14:54.650064 [debug] [MainThread]: Using duckdb connection "master"
[0m16:14:54.650194 [debug] [MainThread]: On master: BEGIN
[0m16:14:54.650300 [debug] [MainThread]: Opening a new connection, currently in state init
[0m16:14:54.650549 [debug] [MainThread]: SQL status: OK in 0.000 seconds
[0m16:14:54.650687 [debug] [MainThread]: On master: COMMIT
[0m16:14:54.650797 [debug] [MainThread]: Using duckdb connection "master"
[0m16:14:54.650900 [debug] [MainThread]: On master: COMMIT
[0m16:14:54.651086 [debug] [MainThread]: SQL status: OK in 0.000 seconds
[0m16:14:54.651218 [debug] [MainThread]: On master: Close
[0m16:14:54.653616 [debug] [Thread-1 (]: Began running node snapshot.enterprise_data_platform.snap_customers
[0m16:14:54.653885 [info ] [Thread-1 (]: 1 of 1 START snapshot main.snap_customers ...................................... [RUN]
[0m16:14:54.654247 [debug] [Thread-1 (]: Acquiring new duckdb connection 'snapshot.enterprise_data_platform.snap_customers'
[0m16:14:54.654426 [debug] [Thread-1 (]: Began compiling node snapshot.enterprise_data_platform.snap_customers
[0m16:14:54.659353 [debug] [Thread-1 (]: Writing injected SQL for node "snapshot.enterprise_data_platform.snap_customers"
[0m16:14:54.659987 [debug] [Thread-1 (]: Began executing node snapshot.enterprise_data_platform.snap_customers
[0m16:14:54.681041 [debug] [Thread-1 (]: Using duckdb connection "snapshot.enterprise_data_platform.snap_customers"
[0m16:14:54.681255 [debug] [Thread-1 (]: On snapshot.enterprise_data_platform.snap_customers: BEGIN
[0m16:14:54.681405 [debug] [Thread-1 (]: Opening a new connection, currently in state init
[0m16:14:54.681931 [debug] [Thread-1 (]: SQL status: OK in 0.000 seconds
[0m16:14:54.682301 [debug] [Thread-1 (]: Using duckdb connection "snapshot.enterprise_data_platform.snap_customers"
[0m16:14:54.682457 [debug] [Thread-1 (]: On snapshot.enterprise_data_platform.snap_customers: /* {"app": "dbt", "dbt_version": "1.12.5", "profile_name": "enterprise_data_platform", "target_name": "dev", "node_id": "snapshot.enterprise_data_platform.snap_customers"} */

      select
          column_name,
          column_type as data_type,
          cast(null as bigint) as character_maximum_length,
          cast(null as bigint) as numeric_precision,
          cast(null as bigint) as numeric_scale
      from (describe "warehouse"."main"."snap_customers")
  
[0m16:14:54.683037 [debug] [Thread-1 (]: SQL status: OK in 0.000 seconds
[0m16:14:54.711148 [debug] [Thread-1 (]: Using duckdb connection "snapshot.enterprise_data_platform.snap_customers"
[0m16:14:54.711389 [debug] [Thread-1 (]: On snapshot.enterprise_data_platform.snap_customers: /* {"app": "dbt", "dbt_version": "1.12.5", "profile_name": "enterprise_data_platform", "target_name": "dev", "node_id": "snapshot.enterprise_data_platform.snap_customers"} */

        
    

    create temporary table
      "snap_customers__dbt_tmp20260923161454705803"
  
    
    as (
      
    
    with snapshot_query as (

        
    

    select
        customer_id,
        customer_name,
        customer_tier,
        billing_city,
        billing_country,
        updated_at
    from "warehouse"."main"."silver_customers"

    ),

    snapshotted_data as (

        select *, 
    
        customer_id as dbt_unique_key
    

        from "warehouse"."main"."snap_customers"
        where
            
                dbt_valid_to is null
            

    ),

    insertions_source_data as (

        select *, 
    
        customer_id as dbt_unique_key
    
,
            updated_at as dbt_updated_at,
            updated_at as dbt_valid_from,
            
  
  coalesce(nullif(updated_at, updated_at), null)
  as dbt_valid_to
,
            md5(coalesce(cast(customer_id as varchar ), '')
         || '|' || coalesce(cast(updated_at as varchar ), '')
        ) as dbt_scd_id

        from snapshot_query
    ),

    updates_source_data as (

        select *, 
    
        customer_id as dbt_unique_key
    
,
            updated_at as dbt_updated_at,
            updated_at as dbt_valid_from,
            updated_at as dbt_valid_to

        from snapshot_query
    ),

    insertions as (

        select
            'insert' as dbt_change_type,
            source_data.*

        from insertions_source_data as source_data
        left outer join snapshotted_data
            on 
    
        snapshotted_data.dbt_unique_key = source_data.dbt_unique_key
    

            where 
    
        snapshotted_data.dbt_unique_key is null
    

            or (
    
        snapshotted_data.dbt_unique_key is not null
    
 and (
               (snapshotted_data.dbt_valid_from < source_data.updated_at)
            )

        )

    ),

    updates as (

        select
            'update' as dbt_change_type,
            source_data.*,
            snapshotted_data.dbt_scd_id

        from updates_source_data as source_data
        join snapshotted_data
            on 
    
        snapshotted_data.dbt_unique_key = source_data.dbt_unique_key
    

        where (
            (snapshotted_data.dbt_valid_from < source_data.updated_at)
        )
    )

    select * from insertions
    union all
    select * from updates

    );
    
  
    
[0m16:14:54.715427 [debug] [Thread-1 (]: SQL status: OK in 0.004 seconds
[0m16:14:54.716477 [debug] [Thread-1 (]: Using duckdb connection "snapshot.enterprise_data_platform.snap_customers"
[0m16:14:54.716722 [debug] [Thread-1 (]: On snapshot.enterprise_data_platform.snap_customers: /* {"app": "dbt", "dbt_version": "1.12.5", "profile_name": "enterprise_data_platform", "target_name": "dev", "node_id": "snapshot.enterprise_data_platform.snap_customers"} */

      select
          column_name,
          column_type as data_type,
          cast(null as bigint) as character_maximum_length,
          cast(null as bigint) as numeric_precision,
          cast(null as bigint) as numeric_scale
      from (describe "snap_customers__dbt_tmp20260923161454705803")
  
[0m16:14:54.717293 [debug] [Thread-1 (]: SQL status: OK in 0.000 seconds
[0m16:14:54.718336 [debug] [Thread-1 (]: Using duckdb connection "snapshot.enterprise_data_platform.snap_customers"
[0m16:14:54.718521 [debug] [Thread-1 (]: On snapshot.enterprise_data_platform.snap_customers: /* {"app": "dbt", "dbt_version": "1.12.5", "profile_name": "enterprise_data_platform", "target_name": "dev", "node_id": "snapshot.enterprise_data_platform.snap_customers"} */

      select
          column_name,
          column_type as data_type,
          cast(null as bigint) as character_maximum_length,
          cast(null as bigint) as numeric_precision,
          cast(null as bigint) as numeric_scale
      from (describe "warehouse"."main"."snap_customers")
  
[0m16:14:54.719089 [debug] [Thread-1 (]: SQL status: OK in 0.000 seconds
[0m16:14:54.722054 [debug] [Thread-1 (]: Using duckdb connection "snapshot.enterprise_data_platform.snap_customers"
[0m16:14:54.722254 [debug] [Thread-1 (]: On snapshot.enterprise_data_platform.snap_customers: /* {"app": "dbt", "dbt_version": "1.12.5", "profile_name": "enterprise_data_platform", "target_name": "dev", "node_id": "snapshot.enterprise_data_platform.snap_customers"} */

      select
          column_name,
          column_type as data_type,
          cast(null as bigint) as character_maximum_length,
          cast(null as bigint) as numeric_precision,
          cast(null as bigint) as numeric_scale
      from (describe "snap_customers__dbt_tmp20260923161454705803")
  
[0m16:14:54.722979 [debug] [Thread-1 (]: SQL status: OK in 0.000 seconds
[0m16:14:54.732059 [debug] [Thread-1 (]: Using duckdb connection "snapshot.enterprise_data_platform.snap_customers"
[0m16:14:54.732320 [debug] [Thread-1 (]: On snapshot.enterprise_data_platform.snap_customers: /* {"app": "dbt", "dbt_version": "1.12.5", "profile_name": "enterprise_data_platform", "target_name": "dev", "node_id": "snapshot.enterprise_data_platform.snap_customers"} */
DESCRIBE (select * from (
        
    
    with snapshot_query as (

        
    

    select
        customer_id,
        customer_name,
        customer_tier,
        billing_city,
        billing_country,
        updated_at
    from "warehouse"."main"."silver_customers"

    ),

    snapshotted_data as (

        select *, 
    
        customer_id as dbt_unique_key
    

        from "warehouse"."main"."snap_customers"
        where
            
                dbt_valid_to is null
            

    ),

    insertions_source_data as (

        select *, 
    
        customer_id as dbt_unique_key
    
,
            updated_at as dbt_updated_at,
            updated_at as dbt_valid_from,
            
  
  coalesce(nullif(updated_at, updated_at), null)
  as dbt_valid_to
,
            md5(coalesce(cast(customer_id as varchar ), '')
         || '|' || coalesce(cast(updated_at as varchar ), '')
        ) as dbt_scd_id

        from snapshot_query
    ),

    updates_source_data as (

        select *, 
    
        customer_id as dbt_unique_key
    
,
            updated_at as dbt_updated_at,
            updated_at as dbt_valid_from,
            updated_at as dbt_valid_to

        from snapshot_query
    ),

    insertions as (

        select
            'insert' as dbt_change_type,
            source_data.*

        from insertions_source_data as source_data
        left outer join snapshotted_data
            on 
    
        snapshotted_data.dbt_unique_key = source_data.dbt_unique_key
    

            where 
    
        snapshotted_data.dbt_unique_key is null
    

            or (
    
        snapshotted_data.dbt_unique_key is not null
    
 and (
               (snapshotted_data.dbt_valid_from < source_data.updated_at)
            )

        )

    ),

    updates as (

        select
            'update' as dbt_change_type,
            source_data.*,
            snapshotted_data.dbt_scd_id

        from updates_source_data as source_data
        join snapshotted_data
            on 
    
        snapshotted_data.dbt_unique_key = source_data.dbt_unique_key
    

        where (
            (snapshotted_data.dbt_valid_from < source_data.updated_at)
        )
    )

    select * from insertions
    union all
    select * from updates

    ) as __dbt_sbq
    where false
    limit 0
)
[0m16:14:54.733448 [debug] [Thread-1 (]: SQL status: OK in 0.001 seconds
[0m16:14:54.736229 [debug] [Thread-1 (]: Using duckdb connection "snapshot.enterprise_data_platform.snap_customers"
[0m16:14:54.736429 [debug] [Thread-1 (]: On snapshot.enterprise_data_platform.snap_customers: /* {"app": "dbt", "dbt_version": "1.12.5", "profile_name": "enterprise_data_platform", "target_name": "dev", "node_id": "snapshot.enterprise_data_platform.snap_customers"} */
DESCRIBE (select * from (
        select now()::timestamp as dbt_snapshot_time
    ) as __dbt_sbq
    where false
    limit 0
)
[0m16:14:54.737081 [debug] [Thread-1 (]: SQL status: OK in 0.000 seconds
[0m16:14:54.737502 [debug] [Thread-1 (]: Writing runtime sql for node "snapshot.enterprise_data_platform.snap_customers"
[0m16:14:54.738362 [debug] [Thread-1 (]: Using duckdb connection "snapshot.enterprise_data_platform.snap_customers"
[0m16:14:54.738581 [debug] [Thread-1 (]: On snapshot.enterprise_data_platform.snap_customers: /* {"app": "dbt", "dbt_version": "1.12.5", "profile_name": "enterprise_data_platform", "target_name": "dev", "node_id": "snapshot.enterprise_data_platform.snap_customers"} */

      update "warehouse"."main"."snap_customers" as DBT_INTERNAL_TARGET
    set dbt_valid_to = DBT_INTERNAL_SOURCE.dbt_valid_to
    from "snap_customers__dbt_tmp20260923161454705803" as DBT_INTERNAL_SOURCE
    where DBT_INTERNAL_SOURCE.dbt_scd_id::text = DBT_INTERNAL_TARGET.dbt_scd_id::text
      and DBT_INTERNAL_SOURCE.dbt_change_type::text in ('update'::text, 'delete'::text)
      
        and DBT_INTERNAL_TARGET.dbt_valid_to is null;
      

    insert into "warehouse"."main"."snap_customers" ("customer_id", "customer_name", "customer_tier", "billing_city", "billing_country", "updated_at", "dbt_updated_at", "dbt_valid_from", "dbt_valid_to", "dbt_scd_id")
    select DBT_INTERNAL_SOURCE."customer_id",DBT_INTERNAL_SOURCE."customer_name",DBT_INTERNAL_SOURCE."customer_tier",DBT_INTERNAL_SOURCE."billing_city",DBT_INTERNAL_SOURCE."billing_country",DBT_INTERNAL_SOURCE."updated_at",DBT_INTERNAL_SOURCE."dbt_updated_at",DBT_INTERNAL_SOURCE."dbt_valid_from",DBT_INTERNAL_SOURCE."dbt_valid_to",DBT_INTERNAL_SOURCE."dbt_scd_id"
    from "snap_customers__dbt_tmp20260923161454705803" as DBT_INTERNAL_SOURCE
    where DBT_INTERNAL_SOURCE.dbt_change_type::text = 'insert'::text;


  
[0m16:14:54.740092 [debug] [Thread-1 (]: SQL status: OK in 0.001 seconds
[0m16:14:54.746500 [debug] [Thread-1 (]: On snapshot.enterprise_data_platform.snap_customers: COMMIT
[0m16:14:54.746761 [debug] [Thread-1 (]: Using duckdb connection "snapshot.enterprise_data_platform.snap_customers"
[0m16:14:54.746944 [debug] [Thread-1 (]: On snapshot.enterprise_data_platform.snap_customers: COMMIT
[0m16:14:54.749738 [debug] [Thread-1 (]: SQL status: OK in 0.003 seconds
[0m16:14:54.753041 [debug] [Thread-1 (]: Using duckdb connection "snapshot.enterprise_data_platform.snap_customers"
[0m16:14:54.753243 [debug] [Thread-1 (]: On snapshot.enterprise_data_platform.snap_customers: /* {"app": "dbt", "dbt_version": "1.12.5", "profile_name": "enterprise_data_platform", "target_name": "dev", "node_id": "snapshot.enterprise_data_platform.snap_customers"} */

      drop table if exists "snap_customers__dbt_tmp20260923161454705803" cascade
    
[0m16:14:54.753634 [debug] [Thread-1 (]: SQL status: OK in 0.000 seconds
[0m16:14:54.754770 [debug] [Thread-1 (]: On snapshot.enterprise_data_platform.snap_customers: Close
[0m16:14:54.755862 [debug] [Thread-1 (]: Sending event: {'category': 'dbt', 'action': 'run_model', 'label': 'ed646acb-7ba9-4aef-bea0-e2ff73257314', 'context': [<snowplow_tracker.self_describing_json.SelfDescribingJson object at 0x0000013B5C87A390>]}
[0m16:14:54.756304 [info ] [Thread-1 (]: 1 of 1 OK snapshotted main.snap_customers ...................................... [[32mOK[0m in 0.10s]
[0m16:14:54.757025 [debug] [Thread-1 (]: Finished running node snapshot.enterprise_data_platform.snap_customers
[0m16:14:54.757975 [debug] [MainThread]: Using duckdb connection "master"
[0m16:14:54.758150 [debug] [MainThread]: On master: BEGIN
[0m16:14:54.758270 [debug] [MainThread]: Opening a new connection, currently in state closed
[0m16:14:54.758521 [debug] [MainThread]: SQL status: OK in 0.000 seconds
[0m16:14:54.758664 [debug] [MainThread]: On master: COMMIT
[0m16:14:54.758776 [debug] [MainThread]: Using duckdb connection "master"
[0m16:14:54.758884 [debug] [MainThread]: On master: COMMIT
[0m16:14:54.759106 [debug] [MainThread]: SQL status: OK in 0.000 seconds
[0m16:14:54.759247 [debug] [MainThread]: On master: Close
[0m16:14:54.759418 [debug] [MainThread]: Connection 'master' was properly closed.
[0m16:14:54.759532 [debug] [MainThread]: Connection 'create_warehouse_main' was properly closed.
[0m16:14:54.759634 [debug] [MainThread]: Connection 'list_warehouse_main' was properly closed.
[0m16:14:54.759728 [debug] [MainThread]: Connection 'snapshot.enterprise_data_platform.snap_customers' was properly closed.
[0m16:14:54.759842 [info ] [MainThread]: 
[0m16:14:54.760075 [info ] [MainThread]: Finished running 1 snapshot in 0 hours 0 minutes and 0.18 seconds (0.18s).
[0m16:14:54.760448 [debug] [MainThread]: Command end result
[0m16:14:54.776126 [debug] [MainThread]: Wrote artifact WritableManifest to C:\Users\Gebruiker\Data Architect\dbt_transforms\target\manifest.json
[0m16:14:54.777979 [debug] [MainThread]: Wrote artifact SemanticManifest to C:\Users\Gebruiker\Data Architect\dbt_transforms\target\semantic_manifest.json
[0m16:14:54.779765 [debug] [MainThread]: Wrote artifact OsiDocument to C:\Users\Gebruiker\Data Architect\dbt_transforms\target\osi_document.json
[0m16:14:54.783630 [debug] [MainThread]: Wrote artifact RunExecutionResult to C:\Users\Gebruiker\Data Architect\dbt_transforms\target\run_results.json
[0m16:14:54.783808 [info ] [MainThread]: 
[0m16:14:54.784080 [info ] [MainThread]: [32mCompleted successfully[0m
[0m16:14:54.784296 [info ] [MainThread]: 
[0m16:14:54.784474 [info ] [MainThread]: Done. PASS=1 WARN=0 ERROR=0 SKIP=0 NO-OP=0 REUSED=0 TOTAL=1
[0m16:14:54.784925 [debug] [MainThread]: Command `dbt snapshot` succeeded at 16:14:54.784872 after 0.72 seconds
[0m16:14:54.785095 [debug] [MainThread]: Sending event: {'category': 'dbt', 'action': 'invocation', 'label': 'end', 'context': [<snowplow_tracker.self_describing_json.SelfDescribingJson object at 0x0000013B5C972BA0>, <snowplow_tracker.self_describing_json.SelfDescribingJson object at 0x0000013B557B2490>, <snowplow_tracker.self_describing_json.SelfDescribingJson object at 0x0000013B5C4EBCF0>]}
[0m16:14:54.785254 [debug] [MainThread]: Flushing usage events
[0m16:14:55.172787 [debug] [MainThread]: An error was encountered while trying to flush usage events
[0m16:14:56.472090 [debug] [MainThread]: Sending event: {'category': 'dbt', 'action': 'invocation', 'label': 'start', 'context': [<snowplow_tracker.self_describing_json.SelfDescribingJson object at 0x00000144952E6120>, <snowplow_tracker.self_describing_json.SelfDescribingJson object at 0x0000014492E78CD0>, <snowplow_tracker.self_describing_json.SelfDescribingJson object at 0x0000014497CB39D0>]}


============================== 16:14:56.474498 | 80b3a76f-d044-44a6-ac5d-8571fc14668f ==============================
[0m16:14:56.474498 [info ] [MainThread]: Running with dbt=1.12.5
[0m16:14:56.474872 [debug] [MainThread]: running dbt with arguments {'maximum_seed_size_mib': '1', 'no_print': 'None', 'version_check': 'True', 'target_path': 'None', 'static_parser': 'True', 'warn_error_options': 'WarnErrorOptionsV2(error=[], warn=[], silence=[])', 'printer_width': '80', 'write_json': 'True', 'empty': 'None', 'log_cache_events': 'False', 'introspect': 'True', 'cache_selected_only': 'False', 'log_format': 'default', 'debug': 'False', 'fail_fast': 'False', 'partial_parse': 'True', 'send_anonymous_usage_stats': 'True', 'quiet': 'False', 'warn_error': 'None', 'profiles_dir': '.', 'use_colors': 'True', 'hints_enabled': 'True', 'indirect_selection': 'eager', 'use_experimental_parser': 'False', 'invocation_command': 'dbt test --profiles-dir .', 'log_path': 'C:\\Users\\Gebruiker\\Data Architect\\dbt_transforms\\logs'}
[0m16:14:56.602642 [debug] [MainThread]: Sending event: {'category': 'dbt', 'action': 'project_id', 'label': '80b3a76f-d044-44a6-ac5d-8571fc14668f', 'context': [<snowplow_tracker.self_describing_json.SelfDescribingJson object at 0x0000014497D3AFD0>]}
[0m16:14:56.637027 [debug] [MainThread]: Sending event: {'category': 'dbt', 'action': 'adapter_info', 'label': '80b3a76f-d044-44a6-ac5d-8571fc14668f', 'context': [<snowplow_tracker.self_describing_json.SelfDescribingJson object at 0x0000014495ED5D00>]}
[0m16:14:56.638474 [info ] [MainThread]: Registered adapter: duckdb=1.11.0
[0m16:14:56.754422 [debug] [MainThread]: checksum: c9f9e136216c1ef20ffad90a0f58ccdb6fce820aa067ea37b8aafc9294c69e6d, vars: {}, profile: enterprise_data_platform, target: dev, version: 1.12.5
[0m16:14:56.820226 [debug] [MainThread]: Partial parsing enabled: 0 files deleted, 0 files added, 0 files changed.
[0m16:14:56.820420 [debug] [MainThread]: Nothing changed, skipping partial parsing.
[0m16:14:56.820548 [debug] [MainThread]: Partial parsing enabled, no changes found, skipping parsing
[0m16:14:56.825624 [debug] [MainThread]: Sending event: {'category': 'dbt', 'action': 'load_project', 'label': '80b3a76f-d044-44a6-ac5d-8571fc14668f', 'context': [<snowplow_tracker.self_describing_json.SelfDescribingJson object at 0x0000014498428550>]}
[0m16:14:56.884090 [debug] [MainThread]: Wrote artifact WritableManifest to C:\Users\Gebruiker\Data Architect\dbt_transforms\target\manifest.json
[0m16:14:56.886063 [debug] [MainThread]: Wrote artifact SemanticManifest to C:\Users\Gebruiker\Data Architect\dbt_transforms\target\semantic_manifest.json
[0m16:14:56.900816 [debug] [MainThread]: Wrote artifact OsiDocument to C:\Users\Gebruiker\Data Architect\dbt_transforms\target\osi_document.json
[0m16:14:56.913614 [debug] [MainThread]: Sending event: {'category': 'dbt', 'action': 'resource_counts', 'label': '80b3a76f-d044-44a6-ac5d-8571fc14668f', 'context': [<snowplow_tracker.self_describing_json.SelfDescribingJson object at 0x00000144984B4500>]}
[0m16:14:56.913860 [info ] [MainThread]: Found 4 models, 1 snapshot, 500 macros
[0m16:14:56.914170 [debug] [MainThread]: Sending event: {'category': 'dbt', 'action': 'runnable_timing', 'label': '80b3a76f-d044-44a6-ac5d-8571fc14668f', 'context': [<snowplow_tracker.self_describing_json.SelfDescribingJson object at 0x000001449853DFD0>]}
[0m16:14:56.915264 [warn ] [MainThread]: [[33mWARNING[0m]: Nothing to do. Try checking your model configs and model specification args
[0m16:14:56.916402 [debug] [MainThread]: Command end result
[0m16:14:56.932914 [debug] [MainThread]: Wrote artifact WritableManifest to C:\Users\Gebruiker\Data Architect\dbt_transforms\target\manifest.json
[0m16:14:56.934616 [debug] [MainThread]: Wrote artifact SemanticManifest to C:\Users\Gebruiker\Data Architect\dbt_transforms\target\semantic_manifest.json
[0m16:14:56.936377 [debug] [MainThread]: Wrote artifact OsiDocument to C:\Users\Gebruiker\Data Architect\dbt_transforms\target\osi_document.json
[0m16:14:56.938490 [debug] [MainThread]: Wrote artifact RunExecutionResult to C:\Users\Gebruiker\Data Architect\dbt_transforms\target\run_results.json
[0m16:14:56.939011 [debug] [MainThread]: Command `dbt test` succeeded at 16:14:56.938944 after 0.54 seconds
[0m16:14:56.939195 [debug] [MainThread]: Sending event: {'category': 'dbt', 'action': 'invocation', 'label': 'end', 'context': [<snowplow_tracker.self_describing_json.SelfDescribingJson object at 0x0000014495FF81F0>, <snowplow_tracker.self_describing_json.SelfDescribingJson object at 0x0000014498512090>, <snowplow_tracker.self_describing_json.SelfDescribingJson object at 0x0000014498512210>]}
[0m16:14:56.939358 [debug] [MainThread]: Flushing usage events
[0m16:14:57.325770 [debug] [MainThread]: An error was encountered while trying to flush usage events
[0m16:16:13.137756 [debug] [MainThread]: Sending event: {'category': 'dbt', 'action': 'invocation', 'label': 'start', 'context': [<snowplow_tracker.self_describing_json.SelfDescribingJson object at 0x000001688BF56120>, <snowplow_tracker.self_describing_json.SelfDescribingJson object at 0x0000016889AE8CD0>, <snowplow_tracker.self_describing_json.SelfDescribingJson object at 0x000001688E91F9D0>]}


============================== 16:16:13.140260 | 671f26ae-6c0e-4983-80d9-c9db1821c94a ==============================
[0m16:16:13.140260 [info ] [MainThread]: Running with dbt=1.12.5
[0m16:16:13.140675 [debug] [MainThread]: running dbt with arguments {'maximum_seed_size_mib': '1', 'no_print': 'None', 'static_parser': 'True', 'target_path': 'None', 'warn_error_options': 'WarnErrorOptionsV2(error=[], warn=[], silence=[])', 'version_check': 'True', 'printer_width': '80', 'write_json': 'True', 'empty': 'False', 'log_cache_events': 'False', 'introspect': 'True', 'cache_selected_only': 'False', 'log_format': 'default', 'debug': 'False', 'fail_fast': 'False', 'partial_parse': 'True', 'send_anonymous_usage_stats': 'True', 'quiet': 'False', 'warn_error': 'None', 'profiles_dir': '.', 'use_colors': 'True', 'hints_enabled': 'True', 'indirect_selection': 'eager', 'use_experimental_parser': 'False', 'invocation_command': 'dbt run --select silver gold --profiles-dir .', 'log_path': 'C:\\Users\\Gebruiker\\Data Architect\\dbt_transforms\\logs'}
[0m16:16:13.265209 [debug] [MainThread]: Sending event: {'category': 'dbt', 'action': 'project_id', 'label': '671f26ae-6c0e-4983-80d9-c9db1821c94a', 'context': [<snowplow_tracker.self_describing_json.SelfDescribingJson object at 0x000001688E9AA8B0>]}
[0m16:16:13.297066 [debug] [MainThread]: Sending event: {'category': 'dbt', 'action': 'adapter_info', 'label': '671f26ae-6c0e-4983-80d9-c9db1821c94a', 'context': [<snowplow_tracker.self_describing_json.SelfDescribingJson object at 0x000001688CB45D00>]}
[0m16:16:13.298528 [info ] [MainThread]: Registered adapter: duckdb=1.11.0
[0m16:16:13.416811 [debug] [MainThread]: checksum: c9f9e136216c1ef20ffad90a0f58ccdb6fce820aa067ea37b8aafc9294c69e6d, vars: {}, profile: enterprise_data_platform, target: dev, version: 1.12.5
[0m16:16:13.479250 [debug] [MainThread]: Partial parsing enabled: 0 files deleted, 0 files added, 0 files changed.
[0m16:16:13.479447 [debug] [MainThread]: Nothing changed, skipping partial parsing.
[0m16:16:13.479575 [debug] [MainThread]: Partial parsing enabled, no changes found, skipping parsing
[0m16:16:13.484600 [debug] [MainThread]: Sending event: {'category': 'dbt', 'action': 'load_project', 'label': '671f26ae-6c0e-4983-80d9-c9db1821c94a', 'context': [<snowplow_tracker.self_describing_json.SelfDescribingJson object at 0x000001688F0F8550>]}
[0m16:16:13.540130 [debug] [MainThread]: Wrote artifact WritableManifest to C:\Users\Gebruiker\Data Architect\dbt_transforms\target\manifest.json
[0m16:16:13.542084 [debug] [MainThread]: Wrote artifact SemanticManifest to C:\Users\Gebruiker\Data Architect\dbt_transforms\target\semantic_manifest.json
[0m16:16:13.557759 [debug] [MainThread]: Wrote artifact OsiDocument to C:\Users\Gebruiker\Data Architect\dbt_transforms\target\osi_document.json
[0m16:16:13.564809 [debug] [MainThread]: Sending event: {'category': 'dbt', 'action': 'resource_counts', 'label': '671f26ae-6c0e-4983-80d9-c9db1821c94a', 'context': [<snowplow_tracker.self_describing_json.SelfDescribingJson object at 0x000001688F1864E0>]}
[0m16:16:13.565054 [info ] [MainThread]: Found 4 models, 1 snapshot, 500 macros
[0m16:16:13.565324 [debug] [MainThread]: Sending event: {'category': 'dbt', 'action': 'runnable_timing', 'label': '671f26ae-6c0e-4983-80d9-c9db1821c94a', 'context': [<snowplow_tracker.self_describing_json.SelfDescribingJson object at 0x000001688F1A9EF0>]}
[0m16:16:13.566317 [info ] [MainThread]: 
[0m16:16:13.566547 [info ] [MainThread]: Concurrency: 4 threads (target='dev')
[0m16:16:13.566712 [info ] [MainThread]: 
[0m16:16:13.567060 [debug] [MainThread]: Acquiring new duckdb connection 'master'
[0m16:16:13.569583 [debug] [ThreadPool]: Acquiring new duckdb connection 'list_warehouse'
[0m16:16:13.603116 [debug] [ThreadPool]: Using duckdb connection "list_warehouse"
[0m16:16:13.603313 [debug] [ThreadPool]: On list_warehouse: /* {"app": "dbt", "dbt_version": "1.12.5", "profile_name": "enterprise_data_platform", "target_name": "dev", "connection_name": "list_warehouse"} */

    
    select schema_name
    from system.information_schema.schemata
    
    where lower(catalog_name) = '"warehouse"'
    
  
  
[0m16:16:13.603485 [debug] [ThreadPool]: Opening a new connection, currently in state init
[0m16:16:13.616611 [debug] [ThreadPool]: SQL status: OK in 0.013 seconds
[0m16:16:13.617238 [debug] [ThreadPool]: On list_warehouse: Close
[0m16:16:13.617661 [debug] [ThreadPool]: Re-using an available connection from the pool (formerly list_warehouse, now create_warehouse_main)
[0m16:16:13.617941 [debug] [ThreadPool]: Creating schema "database: "warehouse"
schema: "main"
"
[0m16:16:13.621514 [debug] [ThreadPool]: Using duckdb connection "create_warehouse_main"
[0m16:16:13.621697 [debug] [ThreadPool]: On create_warehouse_main: /* {"app": "dbt", "dbt_version": "1.12.5", "profile_name": "enterprise_data_platform", "target_name": "dev", "connection_name": "create_warehouse_main"} */

    
        select type from duckdb_databases()
        where lower(database_name)='warehouse'
        and type != 'duckdb'
    
  
[0m16:16:13.621833 [debug] [ThreadPool]: Opening a new connection, currently in state closed
[0m16:16:13.622447 [debug] [ThreadPool]: SQL status: OK in 0.001 seconds
[0m16:16:13.623410 [debug] [ThreadPool]: Using duckdb connection "create_warehouse_main"
[0m16:16:13.623567 [debug] [ThreadPool]: On create_warehouse_main: BEGIN
[0m16:16:13.623807 [debug] [ThreadPool]: SQL status: OK in 0.000 seconds
[0m16:16:13.623951 [debug] [ThreadPool]: Using duckdb connection "create_warehouse_main"
[0m16:16:13.624069 [debug] [ThreadPool]: On create_warehouse_main: /* {"app": "dbt", "dbt_version": "1.12.5", "profile_name": "enterprise_data_platform", "target_name": "dev", "connection_name": "create_warehouse_main"} */

    
    
        create schema if not exists "warehouse"."main"
    
[0m16:16:13.624387 [debug] [ThreadPool]: SQL status: OK in 0.000 seconds
[0m16:16:13.624806 [debug] [ThreadPool]: On create_warehouse_main: COMMIT
[0m16:16:13.624957 [debug] [ThreadPool]: Using duckdb connection "create_warehouse_main"
[0m16:16:13.625079 [debug] [ThreadPool]: On create_warehouse_main: COMMIT
[0m16:16:13.625308 [debug] [ThreadPool]: SQL status: OK in 0.000 seconds
[0m16:16:13.625453 [debug] [ThreadPool]: On create_warehouse_main: Close
[0m16:16:13.626274 [debug] [ThreadPool]: Acquiring new duckdb connection 'list_warehouse_main'
[0m16:16:13.628678 [debug] [ThreadPool]: Using duckdb connection "list_warehouse_main"
[0m16:16:13.628894 [debug] [ThreadPool]: On list_warehouse_main: BEGIN
[0m16:16:13.629045 [debug] [ThreadPool]: Opening a new connection, currently in state init
[0m16:16:13.629301 [debug] [ThreadPool]: SQL status: OK in 0.000 seconds
[0m16:16:13.629449 [debug] [ThreadPool]: Using duckdb connection "list_warehouse_main"
[0m16:16:13.629570 [debug] [ThreadPool]: On list_warehouse_main: /* {"app": "dbt", "dbt_version": "1.12.5", "profile_name": "enterprise_data_platform", "target_name": "dev", "connection_name": "list_warehouse_main"} */
select
      'warehouse' as database,
      table_name as name,
      table_schema as schema,
      CASE table_type
        WHEN 'BASE TABLE' THEN 'table'
        WHEN 'VIEW' THEN 'view'
        WHEN 'LOCAL TEMPORARY' THEN 'table'
        END as type
    from system.information_schema.tables
    where lower(table_schema) = 'main'
    and lower(table_catalog) = 'warehouse'
  
[0m16:16:13.631593 [debug] [ThreadPool]: SQL status: OK in 0.002 seconds
[0m16:16:13.632214 [debug] [ThreadPool]: On list_warehouse_main: ROLLBACK
[0m16:16:13.632485 [debug] [ThreadPool]: On list_warehouse_main: Close
[0m16:16:13.633184 [debug] [MainThread]: Sending event: {'category': 'dbt', 'action': 'runnable_timing', 'label': '671f26ae-6c0e-4983-80d9-c9db1821c94a', 'context': [<snowplow_tracker.self_describing_json.SelfDescribingJson object at 0x000001688F3D1160>]}
[0m16:16:13.633428 [debug] [MainThread]: Using duckdb connection "master"
[0m16:16:13.633557 [debug] [MainThread]: On master: BEGIN
[0m16:16:13.633666 [debug] [MainThread]: Opening a new connection, currently in state init
[0m16:16:13.633968 [debug] [MainThread]: SQL status: OK in 0.000 seconds
[0m16:16:13.634149 [debug] [MainThread]: On master: COMMIT
[0m16:16:13.634279 [debug] [MainThread]: Using duckdb connection "master"
[0m16:16:13.634388 [debug] [MainThread]: On master: COMMIT
[0m16:16:13.634601 [debug] [MainThread]: SQL status: OK in 0.000 seconds
[0m16:16:13.634735 [debug] [MainThread]: On master: Close
[0m16:16:13.637205 [debug] [Thread-1 (]: Began running node model.enterprise_data_platform.silver_customers
[0m16:16:13.637444 [debug] [Thread-2 (]: Began running node model.enterprise_data_platform.silver_orders
[0m16:16:13.637709 [info ] [Thread-1 (]: 1 of 4 START sql view model main.silver_customers .............................. [RUN]
[0m16:16:13.638218 [debug] [Thread-1 (]: Acquiring new duckdb connection 'model.enterprise_data_platform.silver_customers'
[0m16:16:13.638440 [debug] [Thread-1 (]: Began compiling node model.enterprise_data_platform.silver_customers
[0m16:16:13.642554 [debug] [Thread-1 (]: Writing injected SQL for node "model.enterprise_data_platform.silver_customers"
[0m16:16:13.637938 [info ] [Thread-2 (]: 2 of 4 START sql view model main.silver_orders ................................. [RUN]
[0m16:16:13.642912 [debug] [Thread-2 (]: Acquiring new duckdb connection 'model.enterprise_data_platform.silver_orders'
[0m16:16:13.643106 [debug] [Thread-2 (]: Began compiling node model.enterprise_data_platform.silver_orders
[0m16:16:13.643511 [debug] [Thread-2 (]: Writing injected SQL for node "model.enterprise_data_platform.silver_orders"
[0m16:16:13.643846 [debug] [Thread-1 (]: Began executing node model.enterprise_data_platform.silver_customers
[0m16:16:13.658319 [debug] [Thread-1 (]: Writing runtime sql for node "model.enterprise_data_platform.silver_customers"
[0m16:16:13.658713 [debug] [Thread-2 (]: Began executing node model.enterprise_data_platform.silver_orders
[0m16:16:13.660134 [debug] [Thread-2 (]: Writing runtime sql for node "model.enterprise_data_platform.silver_orders"
[0m16:16:13.660544 [debug] [Thread-1 (]: Using duckdb connection "model.enterprise_data_platform.silver_customers"
[0m16:16:13.660788 [debug] [Thread-1 (]: On model.enterprise_data_platform.silver_customers: BEGIN
[0m16:16:13.660940 [debug] [Thread-1 (]: Opening a new connection, currently in state init
[0m16:16:13.661330 [debug] [Thread-1 (]: SQL status: OK in 0.000 seconds
[0m16:16:13.661780 [debug] [Thread-1 (]: Using duckdb connection "model.enterprise_data_platform.silver_customers"
[0m16:16:13.662001 [debug] [Thread-1 (]: On model.enterprise_data_platform.silver_customers: /* {"app": "dbt", "dbt_version": "1.12.5", "profile_name": "enterprise_data_platform", "target_name": "dev", "node_id": "model.enterprise_data_platform.silver_customers"} */

  
  create view "warehouse"."main"."silver_customers__dbt_tmp" as (
    with source_customers as (
    select * from (values
        ('CUST-44021', 'Acme Corp', 'Tier 2', 'Amsterdam', 'Netherlands', timestamp '2026-01-15 08:00:00'),
        ('CUST-44022', 'Global Logistics', 'Tier 1', 'Frankfurt', 'Germany', timestamp '2026-01-15 08:00:00'),
        ('CUST-44021', 'Acme Corp', 'Tier 1', 'Rotterdam', 'Netherlands', timestamp '2026-04-10 11:30:00')
    ) as raw(customer_id, customer_name, customer_tier, billing_city, billing_country, updated_at)
)
select
    customer_id,
    customer_name,
    customer_tier,
    billing_city,
    billing_country,
    updated_at
from source_customers
  );

[0m16:16:13.661549 [debug] [Thread-2 (]: Using duckdb connection "model.enterprise_data_platform.silver_orders"
[0m16:16:13.662286 [debug] [Thread-2 (]: On model.enterprise_data_platform.silver_orders: BEGIN
[0m16:16:13.662437 [debug] [Thread-2 (]: Opening a new connection, currently in state init
[0m16:16:13.662662 [debug] [Thread-1 (]: SQL status: OK in 0.000 seconds
[0m16:16:13.665528 [debug] [Thread-1 (]: Using duckdb connection "model.enterprise_data_platform.silver_customers"
[0m16:16:13.666247 [debug] [Thread-1 (]: On model.enterprise_data_platform.silver_customers: /* {"app": "dbt", "dbt_version": "1.12.5", "profile_name": "enterprise_data_platform", "target_name": "dev", "node_id": "model.enterprise_data_platform.silver_customers"} */
alter view "warehouse"."main"."silver_customers" rename to "silver_customers__dbt_backup"
[0m16:16:13.665844 [debug] [Thread-2 (]: SQL status: OK in 0.003 seconds
[0m16:16:13.666582 [debug] [Thread-2 (]: Using duckdb connection "model.enterprise_data_platform.silver_orders"
[0m16:16:13.666783 [debug] [Thread-2 (]: On model.enterprise_data_platform.silver_orders: /* {"app": "dbt", "dbt_version": "1.12.5", "profile_name": "enterprise_data_platform", "target_name": "dev", "node_id": "model.enterprise_data_platform.silver_orders"} */

  
  create view "warehouse"."main"."silver_orders__dbt_tmp" as (
    with source_orders as (
    select * from (values
        ('ORD-109283', 'CUST-44021', 'FULFILLED', 'EUR', 482.50, timestamp '2026-02-14 09:30:00'),
        ('ORD-109284', 'CUST-44021', 'FULFILLED', 'EUR', 1200.00, timestamp '2026-04-15 14:00:00')
    ) as raw(order_id, customer_id, order_status, currency, order_total, order_timestamp)
)
select
    order_id,
    customer_id,
    order_status,
    currency,
    order_total,
    order_timestamp
from source_orders
  );

[0m16:16:13.666980 [debug] [Thread-1 (]: SQL status: OK in 0.000 seconds
[0m16:16:13.668039 [debug] [Thread-1 (]: Using duckdb connection "model.enterprise_data_platform.silver_customers"
[0m16:16:13.668213 [debug] [Thread-1 (]: On model.enterprise_data_platform.silver_customers: /* {"app": "dbt", "dbt_version": "1.12.5", "profile_name": "enterprise_data_platform", "target_name": "dev", "node_id": "model.enterprise_data_platform.silver_customers"} */
alter view "warehouse"."main"."silver_customers__dbt_tmp" rename to "silver_customers"
[0m16:16:13.668391 [debug] [Thread-2 (]: SQL status: OK in 0.001 seconds
[0m16:16:13.669401 [debug] [Thread-2 (]: Using duckdb connection "model.enterprise_data_platform.silver_orders"
[0m16:16:13.669583 [debug] [Thread-2 (]: On model.enterprise_data_platform.silver_orders: /* {"app": "dbt", "dbt_version": "1.12.5", "profile_name": "enterprise_data_platform", "target_name": "dev", "node_id": "model.enterprise_data_platform.silver_orders"} */
alter view "warehouse"."main"."silver_orders" rename to "silver_orders__dbt_backup"
[0m16:16:13.669765 [debug] [Thread-1 (]: SQL status: OK in 0.001 seconds
[0m16:16:13.676979 [debug] [Thread-1 (]: On model.enterprise_data_platform.silver_customers: COMMIT
[0m16:16:13.677535 [debug] [Thread-1 (]: Using duckdb connection "model.enterprise_data_platform.silver_customers"
[0m16:16:13.677739 [debug] [Thread-1 (]: On model.enterprise_data_platform.silver_customers: COMMIT
[0m16:16:13.677308 [debug] [Thread-2 (]: SQL status: OK in 0.007 seconds
[0m16:16:13.678729 [debug] [Thread-2 (]: Using duckdb connection "model.enterprise_data_platform.silver_orders"
[0m16:16:13.678903 [debug] [Thread-2 (]: On model.enterprise_data_platform.silver_orders: /* {"app": "dbt", "dbt_version": "1.12.5", "profile_name": "enterprise_data_platform", "target_name": "dev", "node_id": "model.enterprise_data_platform.silver_orders"} */
alter view "warehouse"."main"."silver_orders__dbt_tmp" rename to "silver_orders"
[0m16:16:13.679238 [debug] [Thread-2 (]: SQL status: OK in 0.000 seconds
[0m16:16:13.680027 [debug] [Thread-2 (]: On model.enterprise_data_platform.silver_orders: COMMIT
[0m16:16:13.680452 [debug] [Thread-2 (]: Using duckdb connection "model.enterprise_data_platform.silver_orders"
[0m16:16:13.680614 [debug] [Thread-2 (]: On model.enterprise_data_platform.silver_orders: COMMIT
[0m16:16:13.680253 [debug] [Thread-1 (]: SQL status: OK in 0.002 seconds
[0m16:16:13.682953 [debug] [Thread-1 (]: Using duckdb connection "model.enterprise_data_platform.silver_customers"
[0m16:16:13.683153 [debug] [Thread-1 (]: On model.enterprise_data_platform.silver_customers: /* {"app": "dbt", "dbt_version": "1.12.5", "profile_name": "enterprise_data_platform", "target_name": "dev", "node_id": "model.enterprise_data_platform.silver_customers"} */

      drop view if exists "warehouse"."main"."silver_customers__dbt_backup" cascade
    
[0m16:16:13.683410 [debug] [Thread-2 (]: SQL status: OK in 0.003 seconds
[0m16:16:13.684793 [debug] [Thread-2 (]: Using duckdb connection "model.enterprise_data_platform.silver_orders"
[0m16:16:13.684972 [debug] [Thread-2 (]: On model.enterprise_data_platform.silver_orders: /* {"app": "dbt", "dbt_version": "1.12.5", "profile_name": "enterprise_data_platform", "target_name": "dev", "node_id": "model.enterprise_data_platform.silver_orders"} */

      drop view if exists "warehouse"."main"."silver_orders__dbt_backup" cascade
    
[0m16:16:13.685636 [debug] [Thread-1 (]: SQL status: OK in 0.002 seconds
[0m16:16:13.686788 [debug] [Thread-1 (]: On model.enterprise_data_platform.silver_customers: Close
[0m16:16:13.687005 [debug] [Thread-2 (]: SQL status: OK in 0.002 seconds
[0m16:16:13.688182 [debug] [Thread-2 (]: On model.enterprise_data_platform.silver_orders: Close
[0m16:16:13.688717 [debug] [Thread-1 (]: Sending event: {'category': 'dbt', 'action': 'run_model', 'label': '671f26ae-6c0e-4983-80d9-c9db1821c94a', 'context': [<snowplow_tracker.self_describing_json.SelfDescribingJson object at 0x000001688F3DDB50>]}
[0m16:16:13.688926 [debug] [Thread-2 (]: Sending event: {'category': 'dbt', 'action': 'run_model', 'label': '671f26ae-6c0e-4983-80d9-c9db1821c94a', 'context': [<snowplow_tracker.self_describing_json.SelfDescribingJson object at 0x000001688C4728E0>]}
[0m16:16:13.689256 [info ] [Thread-1 (]: 1 of 4 OK created sql view model main.silver_customers ......................... [[32mOK[0m in 0.05s]
[0m16:16:13.690079 [debug] [Thread-1 (]: Finished running node model.enterprise_data_platform.silver_customers
[0m16:16:13.689553 [info ] [Thread-2 (]: 2 of 4 OK created sql view model main.silver_orders ............................ [[32mOK[0m in 0.05s]
[0m16:16:13.690659 [debug] [Thread-2 (]: Finished running node model.enterprise_data_platform.silver_orders
[0m16:16:13.690941 [debug] [Thread-3 (]: Began running node model.enterprise_data_platform.dim_customers
[0m16:16:13.691193 [info ] [Thread-3 (]: 3 of 4 START sql view model main.dim_customers ................................. [RUN]
[0m16:16:13.691540 [debug] [Thread-3 (]: Acquiring new duckdb connection 'model.enterprise_data_platform.dim_customers'
[0m16:16:13.691712 [debug] [Thread-3 (]: Began compiling node model.enterprise_data_platform.dim_customers
[0m16:16:13.692724 [debug] [Thread-3 (]: Writing injected SQL for node "model.enterprise_data_platform.dim_customers"
[0m16:16:13.693277 [debug] [Thread-3 (]: Began executing node model.enterprise_data_platform.dim_customers
[0m16:16:13.694477 [debug] [Thread-3 (]: Writing runtime sql for node "model.enterprise_data_platform.dim_customers"
[0m16:16:13.695030 [debug] [Thread-3 (]: Using duckdb connection "model.enterprise_data_platform.dim_customers"
[0m16:16:13.695220 [debug] [Thread-3 (]: On model.enterprise_data_platform.dim_customers: BEGIN
[0m16:16:13.695356 [debug] [Thread-3 (]: Opening a new connection, currently in state init
[0m16:16:13.695658 [debug] [Thread-3 (]: SQL status: OK in 0.000 seconds
[0m16:16:13.695925 [debug] [Thread-3 (]: Using duckdb connection "model.enterprise_data_platform.dim_customers"
[0m16:16:13.696188 [debug] [Thread-3 (]: On model.enterprise_data_platform.dim_customers: /* {"app": "dbt", "dbt_version": "1.12.5", "profile_name": "enterprise_data_platform", "target_name": "dev", "node_id": "model.enterprise_data_platform.dim_customers"} */

  
  create view "warehouse"."main"."dim_customers__dbt_tmp" as (
    

-- Consolidates SCD2 snapshot into an analyst-friendly Dimension table
-- Exposing deterministic surrogate keys and temporal validity bounds

with customer_snapshot as (
    select * from "warehouse"."main"."snap_customers"
)

select
    md5(
        cast(
            concat(
                coalesce(cast(customer_id as varchar), ''),
                '-',
                coalesce(cast(dbt_valid_from as varchar), '')
            ) as varchar
        )
    ) as customer_sk,
    customer_id,
    customer_name,
    customer_tier,
    billing_city,
    billing_country,
    dbt_valid_from as valid_from,
    dbt_valid_to as valid_to,
    case when dbt_valid_to is null then true else false end as is_current
from customer_snapshot
  );

[0m16:16:13.696910 [debug] [Thread-3 (]: SQL status: OK in 0.000 seconds
[0m16:16:13.697848 [debug] [Thread-3 (]: Using duckdb connection "model.enterprise_data_platform.dim_customers"
[0m16:16:13.698013 [debug] [Thread-3 (]: On model.enterprise_data_platform.dim_customers: /* {"app": "dbt", "dbt_version": "1.12.5", "profile_name": "enterprise_data_platform", "target_name": "dev", "node_id": "model.enterprise_data_platform.dim_customers"} */
alter view "warehouse"."main"."dim_customers" rename to "dim_customers__dbt_backup"
[0m16:16:13.698322 [debug] [Thread-3 (]: SQL status: OK in 0.000 seconds
[0m16:16:13.699180 [debug] [Thread-3 (]: Using duckdb connection "model.enterprise_data_platform.dim_customers"
[0m16:16:13.699339 [debug] [Thread-3 (]: On model.enterprise_data_platform.dim_customers: /* {"app": "dbt", "dbt_version": "1.12.5", "profile_name": "enterprise_data_platform", "target_name": "dev", "node_id": "model.enterprise_data_platform.dim_customers"} */
alter view "warehouse"."main"."dim_customers__dbt_tmp" rename to "dim_customers"
[0m16:16:13.699685 [debug] [Thread-3 (]: SQL status: OK in 0.000 seconds
[0m16:16:13.700421 [debug] [Thread-3 (]: On model.enterprise_data_platform.dim_customers: COMMIT
[0m16:16:13.700589 [debug] [Thread-3 (]: Using duckdb connection "model.enterprise_data_platform.dim_customers"
[0m16:16:13.700724 [debug] [Thread-3 (]: On model.enterprise_data_platform.dim_customers: COMMIT
[0m16:16:13.702061 [debug] [Thread-3 (]: SQL status: OK in 0.001 seconds
[0m16:16:13.702936 [debug] [Thread-3 (]: Using duckdb connection "model.enterprise_data_platform.dim_customers"
[0m16:16:13.703109 [debug] [Thread-3 (]: On model.enterprise_data_platform.dim_customers: /* {"app": "dbt", "dbt_version": "1.12.5", "profile_name": "enterprise_data_platform", "target_name": "dev", "node_id": "model.enterprise_data_platform.dim_customers"} */

      drop view if exists "warehouse"."main"."dim_customers__dbt_backup" cascade
    
[0m16:16:13.704094 [debug] [Thread-3 (]: SQL status: OK in 0.001 seconds
[0m16:16:13.704679 [debug] [Thread-3 (]: On model.enterprise_data_platform.dim_customers: Close
[0m16:16:13.704914 [debug] [Thread-3 (]: Sending event: {'category': 'dbt', 'action': 'run_model', 'label': '671f26ae-6c0e-4983-80d9-c9db1821c94a', 'context': [<snowplow_tracker.self_describing_json.SelfDescribingJson object at 0x000001688F571B30>]}
[0m16:16:13.705193 [info ] [Thread-3 (]: 3 of 4 OK created sql view model main.dim_customers ............................ [[32mOK[0m in 0.01s]
[0m16:16:13.705783 [debug] [Thread-3 (]: Finished running node model.enterprise_data_platform.dim_customers
[0m16:16:13.706324 [debug] [Thread-4 (]: Began running node model.enterprise_data_platform.fct_orders
[0m16:16:13.706581 [info ] [Thread-4 (]: 4 of 4 START sql table model main.fct_orders ................................... [RUN]
[0m16:16:13.706935 [debug] [Thread-4 (]: Acquiring new duckdb connection 'model.enterprise_data_platform.fct_orders'
[0m16:16:13.707107 [debug] [Thread-4 (]: Began compiling node model.enterprise_data_platform.fct_orders
[0m16:16:13.708561 [debug] [Thread-4 (]: Writing injected SQL for node "model.enterprise_data_platform.fct_orders"
[0m16:16:13.709239 [debug] [Thread-4 (]: Began executing node model.enterprise_data_platform.fct_orders
[0m16:16:13.727863 [debug] [Thread-4 (]: Writing runtime sql for node "model.enterprise_data_platform.fct_orders"
[0m16:16:13.728507 [debug] [Thread-4 (]: Using duckdb connection "model.enterprise_data_platform.fct_orders"
[0m16:16:13.728704 [debug] [Thread-4 (]: On model.enterprise_data_platform.fct_orders: BEGIN
[0m16:16:13.728871 [debug] [Thread-4 (]: Opening a new connection, currently in state init
[0m16:16:13.729271 [debug] [Thread-4 (]: SQL status: OK in 0.000 seconds
[0m16:16:13.729479 [debug] [Thread-4 (]: Using duckdb connection "model.enterprise_data_platform.fct_orders"
[0m16:16:13.729639 [debug] [Thread-4 (]: On model.enterprise_data_platform.fct_orders: /* {"app": "dbt", "dbt_version": "1.12.5", "profile_name": "enterprise_data_platform", "target_name": "dev", "node_id": "model.enterprise_data_platform.fct_orders"} */

    

    create  table
      "warehouse"."main"."fct_orders__dbt_tmp"
  
    
    as (
      

-- Orders Fact Table joined to Customer Dimension via Point-in-Time Lookup
-- Guarantees that order metrics reflect the customer's state at order placement time

with orders as (
    select * from "warehouse"."main"."silver_orders"
),

dim_customers as (
    select * from "warehouse"."main"."dim_customers"
)

select
    o.order_id,
    c.customer_sk,
    o.customer_id,
    o.order_status,
    o.currency,
    o.order_total,
    o.order_timestamp,
    c.billing_city as attributed_billing_city,
    c.customer_tier as attributed_customer_tier
from orders o
left join dim_customers c
    on o.customer_id = c.customer_id
   and o.order_timestamp >= c.valid_from
   and (o.order_timestamp < c.valid_to or c.valid_to is null)
    );
    
  
[0m16:16:13.731630 [debug] [Thread-4 (]: SQL status: OK in 0.002 seconds
[0m16:16:13.734040 [debug] [Thread-4 (]: Using duckdb connection "model.enterprise_data_platform.fct_orders"
[0m16:16:13.734240 [debug] [Thread-4 (]: On model.enterprise_data_platform.fct_orders: /* {"app": "dbt", "dbt_version": "1.12.5", "profile_name": "enterprise_data_platform", "target_name": "dev", "node_id": "model.enterprise_data_platform.fct_orders"} */

    SELECT index_name
    FROM duckdb_indexes()
    WHERE database_name = 'warehouse'
      AND schema_name = 'main'
      AND table_name = 'fct_orders'
  
[0m16:16:13.734740 [debug] [Thread-4 (]: SQL status: OK in 0.000 seconds
[0m16:16:13.735769 [debug] [Thread-4 (]: Using duckdb connection "model.enterprise_data_platform.fct_orders"
[0m16:16:13.735939 [debug] [Thread-4 (]: On model.enterprise_data_platform.fct_orders: /* {"app": "dbt", "dbt_version": "1.12.5", "profile_name": "enterprise_data_platform", "target_name": "dev", "node_id": "model.enterprise_data_platform.fct_orders"} */
alter table "warehouse"."main"."fct_orders" rename to "fct_orders__dbt_backup"
[0m16:16:13.736288 [debug] [Thread-4 (]: SQL status: OK in 0.000 seconds
[0m16:16:13.737289 [debug] [Thread-4 (]: Using duckdb connection "model.enterprise_data_platform.fct_orders"
[0m16:16:13.737464 [debug] [Thread-4 (]: On model.enterprise_data_platform.fct_orders: /* {"app": "dbt", "dbt_version": "1.12.5", "profile_name": "enterprise_data_platform", "target_name": "dev", "node_id": "model.enterprise_data_platform.fct_orders"} */
alter table "warehouse"."main"."fct_orders__dbt_tmp" rename to "fct_orders"
[0m16:16:13.737806 [debug] [Thread-4 (]: SQL status: OK in 0.000 seconds
[0m16:16:13.740455 [debug] [Thread-4 (]: On model.enterprise_data_platform.fct_orders: COMMIT
[0m16:16:13.740661 [debug] [Thread-4 (]: Using duckdb connection "model.enterprise_data_platform.fct_orders"
[0m16:16:13.740812 [debug] [Thread-4 (]: On model.enterprise_data_platform.fct_orders: COMMIT
[0m16:16:13.742220 [debug] [Thread-4 (]: SQL status: OK in 0.001 seconds
[0m16:16:13.743021 [debug] [Thread-4 (]: Using duckdb connection "model.enterprise_data_platform.fct_orders"
[0m16:16:13.743187 [debug] [Thread-4 (]: On model.enterprise_data_platform.fct_orders: /* {"app": "dbt", "dbt_version": "1.12.5", "profile_name": "enterprise_data_platform", "target_name": "dev", "node_id": "model.enterprise_data_platform.fct_orders"} */

      drop table if exists "warehouse"."main"."fct_orders__dbt_backup" cascade
    
[0m16:16:13.744242 [debug] [Thread-4 (]: SQL status: OK in 0.001 seconds
[0m16:16:13.744854 [debug] [Thread-4 (]: On model.enterprise_data_platform.fct_orders: Close
[0m16:16:13.745168 [debug] [Thread-4 (]: Sending event: {'category': 'dbt', 'action': 'run_model', 'label': '671f26ae-6c0e-4983-80d9-c9db1821c94a', 'context': [<snowplow_tracker.self_describing_json.SelfDescribingJson object at 0x000001688F40FB50>]}
[0m16:16:13.745469 [info ] [Thread-4 (]: 4 of 4 OK created sql table model main.fct_orders .............................. [[32mOK[0m in 0.04s]
[0m16:16:13.745786 [debug] [Thread-4 (]: Finished running node model.enterprise_data_platform.fct_orders
[0m16:16:13.746605 [debug] [MainThread]: Using duckdb connection "master"
[0m16:16:13.746783 [debug] [MainThread]: On master: BEGIN
[0m16:16:13.746907 [debug] [MainThread]: Opening a new connection, currently in state closed
[0m16:16:13.747166 [debug] [MainThread]: SQL status: OK in 0.000 seconds
[0m16:16:13.747307 [debug] [MainThread]: On master: COMMIT
[0m16:16:13.747420 [debug] [MainThread]: Using duckdb connection "master"
[0m16:16:13.747535 [debug] [MainThread]: On master: COMMIT
[0m16:16:13.747730 [debug] [MainThread]: SQL status: OK in 0.000 seconds
[0m16:16:13.747861 [debug] [MainThread]: On master: Close
[0m16:16:13.748029 [debug] [MainThread]: Connection 'master' was properly closed.
[0m16:16:13.748152 [debug] [MainThread]: Connection 'create_warehouse_main' was properly closed.
[0m16:16:13.748251 [debug] [MainThread]: Connection 'list_warehouse_main' was properly closed.
[0m16:16:13.748347 [debug] [MainThread]: Connection 'model.enterprise_data_platform.silver_customers' was properly closed.
[0m16:16:13.748441 [debug] [MainThread]: Connection 'model.enterprise_data_platform.silver_orders' was properly closed.
[0m16:16:13.748544 [debug] [MainThread]: Connection 'model.enterprise_data_platform.dim_customers' was properly closed.
[0m16:16:13.748636 [debug] [MainThread]: Connection 'model.enterprise_data_platform.fct_orders' was properly closed.
[0m16:16:13.748785 [info ] [MainThread]: 
[0m16:16:13.749020 [info ] [MainThread]: Finished running 1 table model, 3 view models in 0 hours 0 minutes and 0.18 seconds (0.18s).
[0m16:16:13.749926 [debug] [MainThread]: Command end result
[0m16:16:13.766825 [debug] [MainThread]: Wrote artifact WritableManifest to C:\Users\Gebruiker\Data Architect\dbt_transforms\target\manifest.json
[0m16:16:13.769074 [debug] [MainThread]: Wrote artifact SemanticManifest to C:\Users\Gebruiker\Data Architect\dbt_transforms\target\semantic_manifest.json
[0m16:16:13.771004 [debug] [MainThread]: Wrote artifact OsiDocument to C:\Users\Gebruiker\Data Architect\dbt_transforms\target\osi_document.json
[0m16:16:13.774749 [debug] [MainThread]: Wrote artifact RunExecutionResult to C:\Users\Gebruiker\Data Architect\dbt_transforms\target\run_results.json
[0m16:16:13.774926 [info ] [MainThread]: 
[0m16:16:13.775276 [info ] [MainThread]: [32mCompleted successfully[0m
[0m16:16:13.775547 [info ] [MainThread]: 
[0m16:16:13.775781 [info ] [MainThread]: Done. PASS=4 WARN=0 ERROR=0 SKIP=0 NO-OP=0 REUSED=0 TOTAL=4
[0m16:16:13.776354 [debug] [MainThread]: Command `dbt run` succeeded at 16:16:13.776282 after 0.72 seconds
[0m16:16:13.776547 [debug] [MainThread]: Sending event: {'category': 'dbt', 'action': 'invocation', 'label': 'end', 'context': [<snowplow_tracker.self_describing_json.SelfDescribingJson object at 0x000001688E9A0590>, <snowplow_tracker.self_describing_json.SelfDescribingJson object at 0x000001688E6F37E0>, <snowplow_tracker.self_describing_json.SelfDescribingJson object at 0x000001688E8D9FD0>]}
[0m16:16:13.776719 [debug] [MainThread]: Flushing usage events
[0m16:16:14.201087 [debug] [MainThread]: An error was encountered while trying to flush usage events
[0m16:16:15.558718 [debug] [MainThread]: Sending event: {'category': 'dbt', 'action': 'invocation', 'label': 'start', 'context': [<snowplow_tracker.self_describing_json.SelfDescribingJson object at 0x000001E653876120>, <snowplow_tracker.self_describing_json.SelfDescribingJson object at 0x000001E651408CD0>, <snowplow_tracker.self_describing_json.SelfDescribingJson object at 0x000001E6562439D0>]}


============================== 16:16:15.561239 | 294da94f-f810-48cf-a568-950fc0cb1420 ==============================
[0m16:16:15.561239 [info ] [MainThread]: Running with dbt=1.12.5
[0m16:16:15.561619 [debug] [MainThread]: running dbt with arguments {'version_check': 'True', 'no_print': 'None', 'maximum_seed_size_mib': '1', 'target_path': 'None', 'warn_error_options': 'WarnErrorOptionsV2(error=[], warn=[], silence=[])', 'static_parser': 'True', 'printer_width': '80', 'write_json': 'True', 'empty': 'False', 'log_cache_events': 'False', 'introspect': 'True', 'cache_selected_only': 'False', 'fail_fast': 'False', 'debug': 'False', 'log_format': 'default', 'profiles_dir': '.', 'send_anonymous_usage_stats': 'True', 'quiet': 'False', 'warn_error': 'None', 'partial_parse': 'True', 'invocation_command': 'dbt snapshot --profiles-dir .', 'hints_enabled': 'True', 'indirect_selection': 'eager', 'use_experimental_parser': 'False', 'use_colors': 'True', 'log_path': 'C:\\Users\\Gebruiker\\Data Architect\\dbt_transforms\\logs'}
[0m16:16:15.686108 [debug] [MainThread]: Sending event: {'category': 'dbt', 'action': 'project_id', 'label': '294da94f-f810-48cf-a568-950fc0cb1420', 'context': [<snowplow_tracker.self_describing_json.SelfDescribingJson object at 0x000001E6562CAFD0>]}
[0m16:16:15.719177 [debug] [MainThread]: Sending event: {'category': 'dbt', 'action': 'adapter_info', 'label': '294da94f-f810-48cf-a568-950fc0cb1420', 'context': [<snowplow_tracker.self_describing_json.SelfDescribingJson object at 0x000001E654465D00>]}
[0m16:16:15.721080 [info ] [MainThread]: Registered adapter: duckdb=1.11.0
[0m16:16:15.836804 [debug] [MainThread]: checksum: c9f9e136216c1ef20ffad90a0f58ccdb6fce820aa067ea37b8aafc9294c69e6d, vars: {}, profile: enterprise_data_platform, target: dev, version: 1.12.5
[0m16:16:15.901408 [debug] [MainThread]: Partial parsing enabled: 0 files deleted, 0 files added, 0 files changed.
[0m16:16:15.901604 [debug] [MainThread]: Nothing changed, skipping partial parsing.
[0m16:16:15.901735 [debug] [MainThread]: Partial parsing enabled, no changes found, skipping parsing
[0m16:16:15.906795 [debug] [MainThread]: Sending event: {'category': 'dbt', 'action': 'load_project', 'label': '294da94f-f810-48cf-a568-950fc0cb1420', 'context': [<snowplow_tracker.self_describing_json.SelfDescribingJson object at 0x000001E656964550>]}
[0m16:16:15.963598 [debug] [MainThread]: Wrote artifact WritableManifest to C:\Users\Gebruiker\Data Architect\dbt_transforms\target\manifest.json
[0m16:16:15.965518 [debug] [MainThread]: Wrote artifact SemanticManifest to C:\Users\Gebruiker\Data Architect\dbt_transforms\target\semantic_manifest.json
[0m16:16:15.981152 [debug] [MainThread]: Wrote artifact OsiDocument to C:\Users\Gebruiker\Data Architect\dbt_transforms\target\osi_document.json
[0m16:16:15.988486 [debug] [MainThread]: Sending event: {'category': 'dbt', 'action': 'resource_counts', 'label': '294da94f-f810-48cf-a568-950fc0cb1420', 'context': [<snowplow_tracker.self_describing_json.SelfDescribingJson object at 0x000001E6569EFC50>]}
[0m16:16:15.988724 [info ] [MainThread]: Found 4 models, 1 snapshot, 500 macros
[0m16:16:15.988990 [debug] [MainThread]: Sending event: {'category': 'dbt', 'action': 'runnable_timing', 'label': '294da94f-f810-48cf-a568-950fc0cb1420', 'context': [<snowplow_tracker.self_describing_json.SelfDescribingJson object at 0x000001E6569FA350>]}
[0m16:16:15.990054 [info ] [MainThread]: 
[0m16:16:15.990296 [info ] [MainThread]: Concurrency: 4 threads (target='dev')
[0m16:16:15.990473 [info ] [MainThread]: 
[0m16:16:15.990820 [debug] [MainThread]: Acquiring new duckdb connection 'master'
[0m16:16:15.991417 [debug] [ThreadPool]: Acquiring new duckdb connection 'list_warehouse'
[0m16:16:16.025856 [debug] [ThreadPool]: Using duckdb connection "list_warehouse"
[0m16:16:16.026057 [debug] [ThreadPool]: On list_warehouse: /* {"app": "dbt", "dbt_version": "1.12.5", "profile_name": "enterprise_data_platform", "target_name": "dev", "connection_name": "list_warehouse"} */

    
    select schema_name
    from system.information_schema.schemata
    
    where lower(catalog_name) = '"warehouse"'
    
  
  
[0m16:16:16.026244 [debug] [ThreadPool]: Opening a new connection, currently in state init
[0m16:16:16.038998 [debug] [ThreadPool]: SQL status: OK in 0.013 seconds
[0m16:16:16.039633 [debug] [ThreadPool]: On list_warehouse: Close
[0m16:16:16.040062 [debug] [ThreadPool]: Re-using an available connection from the pool (formerly list_warehouse, now create_warehouse_main)
[0m16:16:16.040336 [debug] [ThreadPool]: Creating schema "database: "warehouse"
schema: "main"
"
[0m16:16:16.043931 [debug] [ThreadPool]: Using duckdb connection "create_warehouse_main"
[0m16:16:16.044122 [debug] [ThreadPool]: On create_warehouse_main: /* {"app": "dbt", "dbt_version": "1.12.5", "profile_name": "enterprise_data_platform", "target_name": "dev", "connection_name": "create_warehouse_main"} */

    
        select type from duckdb_databases()
        where lower(database_name)='warehouse'
        and type != 'duckdb'
    
  
[0m16:16:16.044253 [debug] [ThreadPool]: Opening a new connection, currently in state closed
[0m16:16:16.044803 [debug] [ThreadPool]: SQL status: OK in 0.001 seconds
[0m16:16:16.045377 [debug] [ThreadPool]: Using duckdb connection "create_warehouse_main"
[0m16:16:16.045530 [debug] [ThreadPool]: On create_warehouse_main: BEGIN
[0m16:16:16.045760 [debug] [ThreadPool]: SQL status: OK in 0.000 seconds
[0m16:16:16.045894 [debug] [ThreadPool]: Using duckdb connection "create_warehouse_main"
[0m16:16:16.046005 [debug] [ThreadPool]: On create_warehouse_main: /* {"app": "dbt", "dbt_version": "1.12.5", "profile_name": "enterprise_data_platform", "target_name": "dev", "connection_name": "create_warehouse_main"} */

    
    
        create schema if not exists "warehouse"."main"
    
[0m16:16:16.046265 [debug] [ThreadPool]: SQL status: OK in 0.000 seconds
[0m16:16:16.046701 [debug] [ThreadPool]: On create_warehouse_main: COMMIT
[0m16:16:16.046881 [debug] [ThreadPool]: Using duckdb connection "create_warehouse_main"
[0m16:16:16.047007 [debug] [ThreadPool]: On create_warehouse_main: COMMIT
[0m16:16:16.047242 [debug] [ThreadPool]: SQL status: OK in 0.000 seconds
[0m16:16:16.047391 [debug] [ThreadPool]: On create_warehouse_main: Close
[0m16:16:16.050300 [debug] [ThreadPool]: Acquiring new duckdb connection 'list_warehouse_main'
[0m16:16:16.052648 [debug] [ThreadPool]: Using duckdb connection "list_warehouse_main"
[0m16:16:16.052822 [debug] [ThreadPool]: On list_warehouse_main: BEGIN
[0m16:16:16.052941 [debug] [ThreadPool]: Opening a new connection, currently in state init
[0m16:16:16.053191 [debug] [ThreadPool]: SQL status: OK in 0.000 seconds
[0m16:16:16.053331 [debug] [ThreadPool]: Using duckdb connection "list_warehouse_main"
[0m16:16:16.053452 [debug] [ThreadPool]: On list_warehouse_main: /* {"app": "dbt", "dbt_version": "1.12.5", "profile_name": "enterprise_data_platform", "target_name": "dev", "connection_name": "list_warehouse_main"} */
select
      'warehouse' as database,
      table_name as name,
      table_schema as schema,
      CASE table_type
        WHEN 'BASE TABLE' THEN 'table'
        WHEN 'VIEW' THEN 'view'
        WHEN 'LOCAL TEMPORARY' THEN 'table'
        END as type
    from system.information_schema.tables
    where lower(table_schema) = 'main'
    and lower(table_catalog) = 'warehouse'
  
[0m16:16:16.055623 [debug] [ThreadPool]: SQL status: OK in 0.002 seconds
[0m16:16:16.056242 [debug] [ThreadPool]: On list_warehouse_main: ROLLBACK
[0m16:16:16.056510 [debug] [ThreadPool]: On list_warehouse_main: Close
[0m16:16:16.057210 [debug] [MainThread]: Sending event: {'category': 'dbt', 'action': 'runnable_timing', 'label': '294da94f-f810-48cf-a568-950fc0cb1420', 'context': [<snowplow_tracker.self_describing_json.SelfDescribingJson object at 0x000001E656C55710>]}
[0m16:16:16.057456 [debug] [MainThread]: Using duckdb connection "master"
[0m16:16:16.057586 [debug] [MainThread]: On master: BEGIN
[0m16:16:16.057696 [debug] [MainThread]: Opening a new connection, currently in state init
[0m16:16:16.057944 [debug] [MainThread]: SQL status: OK in 0.000 seconds
[0m16:16:16.058082 [debug] [MainThread]: On master: COMMIT
[0m16:16:16.058193 [debug] [MainThread]: Using duckdb connection "master"
[0m16:16:16.058300 [debug] [MainThread]: On master: COMMIT
[0m16:16:16.058482 [debug] [MainThread]: SQL status: OK in 0.000 seconds
[0m16:16:16.058609 [debug] [MainThread]: On master: Close
[0m16:16:16.061098 [debug] [Thread-1 (]: Began running node snapshot.enterprise_data_platform.snap_customers
[0m16:16:16.061374 [info ] [Thread-1 (]: 1 of 1 START snapshot main.snap_customers ...................................... [RUN]
[0m16:16:16.061677 [debug] [Thread-1 (]: Acquiring new duckdb connection 'snapshot.enterprise_data_platform.snap_customers'
[0m16:16:16.061837 [debug] [Thread-1 (]: Began compiling node snapshot.enterprise_data_platform.snap_customers
[0m16:16:16.066863 [debug] [Thread-1 (]: Writing injected SQL for node "snapshot.enterprise_data_platform.snap_customers"
[0m16:16:16.067366 [debug] [Thread-1 (]: Began executing node snapshot.enterprise_data_platform.snap_customers
[0m16:16:16.088347 [debug] [Thread-1 (]: Using duckdb connection "snapshot.enterprise_data_platform.snap_customers"
[0m16:16:16.088555 [debug] [Thread-1 (]: On snapshot.enterprise_data_platform.snap_customers: BEGIN
[0m16:16:16.088701 [debug] [Thread-1 (]: Opening a new connection, currently in state init
[0m16:16:16.089094 [debug] [Thread-1 (]: SQL status: OK in 0.000 seconds
[0m16:16:16.089274 [debug] [Thread-1 (]: Using duckdb connection "snapshot.enterprise_data_platform.snap_customers"
[0m16:16:16.089422 [debug] [Thread-1 (]: On snapshot.enterprise_data_platform.snap_customers: /* {"app": "dbt", "dbt_version": "1.12.5", "profile_name": "enterprise_data_platform", "target_name": "dev", "node_id": "snapshot.enterprise_data_platform.snap_customers"} */

      select
          column_name,
          column_type as data_type,
          cast(null as bigint) as character_maximum_length,
          cast(null as bigint) as numeric_precision,
          cast(null as bigint) as numeric_scale
      from (describe "warehouse"."main"."snap_customers")
  
[0m16:16:16.090090 [debug] [Thread-1 (]: SQL status: OK in 0.000 seconds
[0m16:16:16.117201 [debug] [Thread-1 (]: Using duckdb connection "snapshot.enterprise_data_platform.snap_customers"
[0m16:16:16.117439 [debug] [Thread-1 (]: On snapshot.enterprise_data_platform.snap_customers: /* {"app": "dbt", "dbt_version": "1.12.5", "profile_name": "enterprise_data_platform", "target_name": "dev", "node_id": "snapshot.enterprise_data_platform.snap_customers"} */

        
    

    create temporary table
      "snap_customers__dbt_tmp20260923161616112041"
  
    
    as (
      
    
    with snapshot_query as (

        
    

    select
        customer_id,
        customer_name,
        customer_tier,
        billing_city,
        billing_country,
        updated_at
    from "warehouse"."main"."silver_customers"

    ),

    snapshotted_data as (

        select *, 
    
        customer_id as dbt_unique_key
    

        from "warehouse"."main"."snap_customers"
        where
            
                dbt_valid_to is null
            

    ),

    insertions_source_data as (

        select *, 
    
        customer_id as dbt_unique_key
    
,
            updated_at as dbt_updated_at,
            updated_at as dbt_valid_from,
            
  
  coalesce(nullif(updated_at, updated_at), null)
  as dbt_valid_to
,
            md5(coalesce(cast(customer_id as varchar ), '')
         || '|' || coalesce(cast(updated_at as varchar ), '')
        ) as dbt_scd_id

        from snapshot_query
    ),

    updates_source_data as (

        select *, 
    
        customer_id as dbt_unique_key
    
,
            updated_at as dbt_updated_at,
            updated_at as dbt_valid_from,
            updated_at as dbt_valid_to

        from snapshot_query
    ),

    insertions as (

        select
            'insert' as dbt_change_type,
            source_data.*

        from insertions_source_data as source_data
        left outer join snapshotted_data
            on 
    
        snapshotted_data.dbt_unique_key = source_data.dbt_unique_key
    

            where 
    
        snapshotted_data.dbt_unique_key is null
    

            or (
    
        snapshotted_data.dbt_unique_key is not null
    
 and (
               (snapshotted_data.dbt_valid_from < source_data.updated_at)
            )

        )

    ),

    updates as (

        select
            'update' as dbt_change_type,
            source_data.*,
            snapshotted_data.dbt_scd_id

        from updates_source_data as source_data
        join snapshotted_data
            on 
    
        snapshotted_data.dbt_unique_key = source_data.dbt_unique_key
    

        where (
            (snapshotted_data.dbt_valid_from < source_data.updated_at)
        )
    )

    select * from insertions
    union all
    select * from updates

    );
    
  
    
[0m16:16:16.120393 [debug] [Thread-1 (]: SQL status: OK in 0.003 seconds
[0m16:16:16.121224 [debug] [Thread-1 (]: Using duckdb connection "snapshot.enterprise_data_platform.snap_customers"
[0m16:16:16.121406 [debug] [Thread-1 (]: On snapshot.enterprise_data_platform.snap_customers: /* {"app": "dbt", "dbt_version": "1.12.5", "profile_name": "enterprise_data_platform", "target_name": "dev", "node_id": "snapshot.enterprise_data_platform.snap_customers"} */

      select
          column_name,
          column_type as data_type,
          cast(null as bigint) as character_maximum_length,
          cast(null as bigint) as numeric_precision,
          cast(null as bigint) as numeric_scale
      from (describe "snap_customers__dbt_tmp20260923161616112041")
  
[0m16:16:16.122048 [debug] [Thread-1 (]: SQL status: OK in 0.000 seconds
[0m16:16:16.123118 [debug] [Thread-1 (]: Using duckdb connection "snapshot.enterprise_data_platform.snap_customers"
[0m16:16:16.123303 [debug] [Thread-1 (]: On snapshot.enterprise_data_platform.snap_customers: /* {"app": "dbt", "dbt_version": "1.12.5", "profile_name": "enterprise_data_platform", "target_name": "dev", "node_id": "snapshot.enterprise_data_platform.snap_customers"} */

      select
          column_name,
          column_type as data_type,
          cast(null as bigint) as character_maximum_length,
          cast(null as bigint) as numeric_precision,
          cast(null as bigint) as numeric_scale
      from (describe "warehouse"."main"."snap_customers")
  
[0m16:16:16.123822 [debug] [Thread-1 (]: SQL status: OK in 0.000 seconds
[0m16:16:16.126692 [debug] [Thread-1 (]: Using duckdb connection "snapshot.enterprise_data_platform.snap_customers"
[0m16:16:16.126921 [debug] [Thread-1 (]: On snapshot.enterprise_data_platform.snap_customers: /* {"app": "dbt", "dbt_version": "1.12.5", "profile_name": "enterprise_data_platform", "target_name": "dev", "node_id": "snapshot.enterprise_data_platform.snap_customers"} */

      select
          column_name,
          column_type as data_type,
          cast(null as bigint) as character_maximum_length,
          cast(null as bigint) as numeric_precision,
          cast(null as bigint) as numeric_scale
      from (describe "snap_customers__dbt_tmp20260923161616112041")
  
[0m16:16:16.127528 [debug] [Thread-1 (]: SQL status: OK in 0.000 seconds
[0m16:16:16.136383 [debug] [Thread-1 (]: Using duckdb connection "snapshot.enterprise_data_platform.snap_customers"
[0m16:16:16.136637 [debug] [Thread-1 (]: On snapshot.enterprise_data_platform.snap_customers: /* {"app": "dbt", "dbt_version": "1.12.5", "profile_name": "enterprise_data_platform", "target_name": "dev", "node_id": "snapshot.enterprise_data_platform.snap_customers"} */
DESCRIBE (select * from (
        
    
    with snapshot_query as (

        
    

    select
        customer_id,
        customer_name,
        customer_tier,
        billing_city,
        billing_country,
        updated_at
    from "warehouse"."main"."silver_customers"

    ),

    snapshotted_data as (

        select *, 
    
        customer_id as dbt_unique_key
    

        from "warehouse"."main"."snap_customers"
        where
            
                dbt_valid_to is null
            

    ),

    insertions_source_data as (

        select *, 
    
        customer_id as dbt_unique_key
    
,
            updated_at as dbt_updated_at,
            updated_at as dbt_valid_from,
            
  
  coalesce(nullif(updated_at, updated_at), null)
  as dbt_valid_to
,
            md5(coalesce(cast(customer_id as varchar ), '')
         || '|' || coalesce(cast(updated_at as varchar ), '')
        ) as dbt_scd_id

        from snapshot_query
    ),

    updates_source_data as (

        select *, 
    
        customer_id as dbt_unique_key
    
,
            updated_at as dbt_updated_at,
            updated_at as dbt_valid_from,
            updated_at as dbt_valid_to

        from snapshot_query
    ),

    insertions as (

        select
            'insert' as dbt_change_type,
            source_data.*

        from insertions_source_data as source_data
        left outer join snapshotted_data
            on 
    
        snapshotted_data.dbt_unique_key = source_data.dbt_unique_key
    

            where 
    
        snapshotted_data.dbt_unique_key is null
    

            or (
    
        snapshotted_data.dbt_unique_key is not null
    
 and (
               (snapshotted_data.dbt_valid_from < source_data.updated_at)
            )

        )

    ),

    updates as (

        select
            'update' as dbt_change_type,
            source_data.*,
            snapshotted_data.dbt_scd_id

        from updates_source_data as source_data
        join snapshotted_data
            on 
    
        snapshotted_data.dbt_unique_key = source_data.dbt_unique_key
    

        where (
            (snapshotted_data.dbt_valid_from < source_data.updated_at)
        )
    )

    select * from insertions
    union all
    select * from updates

    ) as __dbt_sbq
    where false
    limit 0
)
[0m16:16:16.137940 [debug] [Thread-1 (]: SQL status: OK in 0.001 seconds
[0m16:16:16.141115 [debug] [Thread-1 (]: Using duckdb connection "snapshot.enterprise_data_platform.snap_customers"
[0m16:16:16.141322 [debug] [Thread-1 (]: On snapshot.enterprise_data_platform.snap_customers: /* {"app": "dbt", "dbt_version": "1.12.5", "profile_name": "enterprise_data_platform", "target_name": "dev", "node_id": "snapshot.enterprise_data_platform.snap_customers"} */
DESCRIBE (select * from (
        select now()::timestamp as dbt_snapshot_time
    ) as __dbt_sbq
    where false
    limit 0
)
[0m16:16:16.141893 [debug] [Thread-1 (]: SQL status: OK in 0.000 seconds
[0m16:16:16.142217 [debug] [Thread-1 (]: Writing runtime sql for node "snapshot.enterprise_data_platform.snap_customers"
[0m16:16:16.142791 [debug] [Thread-1 (]: Using duckdb connection "snapshot.enterprise_data_platform.snap_customers"
[0m16:16:16.142991 [debug] [Thread-1 (]: On snapshot.enterprise_data_platform.snap_customers: /* {"app": "dbt", "dbt_version": "1.12.5", "profile_name": "enterprise_data_platform", "target_name": "dev", "node_id": "snapshot.enterprise_data_platform.snap_customers"} */

      update "warehouse"."main"."snap_customers" as DBT_INTERNAL_TARGET
    set dbt_valid_to = DBT_INTERNAL_SOURCE.dbt_valid_to
    from "snap_customers__dbt_tmp20260923161616112041" as DBT_INTERNAL_SOURCE
    where DBT_INTERNAL_SOURCE.dbt_scd_id::text = DBT_INTERNAL_TARGET.dbt_scd_id::text
      and DBT_INTERNAL_SOURCE.dbt_change_type::text in ('update'::text, 'delete'::text)
      
        and DBT_INTERNAL_TARGET.dbt_valid_to is null;
      

    insert into "warehouse"."main"."snap_customers" ("customer_id", "customer_name", "customer_tier", "billing_city", "billing_country", "updated_at", "dbt_updated_at", "dbt_valid_from", "dbt_valid_to", "dbt_scd_id")
    select DBT_INTERNAL_SOURCE."customer_id",DBT_INTERNAL_SOURCE."customer_name",DBT_INTERNAL_SOURCE."customer_tier",DBT_INTERNAL_SOURCE."billing_city",DBT_INTERNAL_SOURCE."billing_country",DBT_INTERNAL_SOURCE."updated_at",DBT_INTERNAL_SOURCE."dbt_updated_at",DBT_INTERNAL_SOURCE."dbt_valid_from",DBT_INTERNAL_SOURCE."dbt_valid_to",DBT_INTERNAL_SOURCE."dbt_scd_id"
    from "snap_customers__dbt_tmp20260923161616112041" as DBT_INTERNAL_SOURCE
    where DBT_INTERNAL_SOURCE.dbt_change_type::text = 'insert'::text;


  
[0m16:16:16.144088 [debug] [Thread-1 (]: SQL status: OK in 0.001 seconds
[0m16:16:16.150440 [debug] [Thread-1 (]: On snapshot.enterprise_data_platform.snap_customers: COMMIT
[0m16:16:16.150649 [debug] [Thread-1 (]: Using duckdb connection "snapshot.enterprise_data_platform.snap_customers"
[0m16:16:16.150819 [debug] [Thread-1 (]: On snapshot.enterprise_data_platform.snap_customers: COMMIT
[0m16:16:16.151092 [debug] [Thread-1 (]: SQL status: OK in 0.000 seconds
[0m16:16:16.154137 [debug] [Thread-1 (]: Using duckdb connection "snapshot.enterprise_data_platform.snap_customers"
[0m16:16:16.154334 [debug] [Thread-1 (]: On snapshot.enterprise_data_platform.snap_customers: /* {"app": "dbt", "dbt_version": "1.12.5", "profile_name": "enterprise_data_platform", "target_name": "dev", "node_id": "snapshot.enterprise_data_platform.snap_customers"} */

      drop table if exists "snap_customers__dbt_tmp20260923161616112041" cascade
    
[0m16:16:16.154689 [debug] [Thread-1 (]: SQL status: OK in 0.000 seconds
[0m16:16:16.155831 [debug] [Thread-1 (]: On snapshot.enterprise_data_platform.snap_customers: Close
[0m16:16:16.157114 [debug] [Thread-1 (]: Sending event: {'category': 'dbt', 'action': 'run_model', 'label': '294da94f-f810-48cf-a568-950fc0cb1420', 'context': [<snowplow_tracker.self_describing_json.SelfDescribingJson object at 0x000001E656C5E390>]}
[0m16:16:16.157550 [info ] [Thread-1 (]: 1 of 1 OK snapshotted main.snap_customers ...................................... [[32mOK[0m in 0.09s]
[0m16:16:16.157985 [debug] [Thread-1 (]: Finished running node snapshot.enterprise_data_platform.snap_customers
[0m16:16:16.158808 [debug] [MainThread]: Using duckdb connection "master"
[0m16:16:16.158988 [debug] [MainThread]: On master: BEGIN
[0m16:16:16.159113 [debug] [MainThread]: Opening a new connection, currently in state closed
[0m16:16:16.159372 [debug] [MainThread]: SQL status: OK in 0.000 seconds
[0m16:16:16.159516 [debug] [MainThread]: On master: COMMIT
[0m16:16:16.159629 [debug] [MainThread]: Using duckdb connection "master"
[0m16:16:16.159733 [debug] [MainThread]: On master: COMMIT
[0m16:16:16.159918 [debug] [MainThread]: SQL status: OK in 0.000 seconds
[0m16:16:16.160049 [debug] [MainThread]: On master: Close
[0m16:16:16.160216 [debug] [MainThread]: Connection 'master' was properly closed.
[0m16:16:16.160330 [debug] [MainThread]: Connection 'create_warehouse_main' was properly closed.
[0m16:16:16.160438 [debug] [MainThread]: Connection 'list_warehouse_main' was properly closed.
[0m16:16:16.160530 [debug] [MainThread]: Connection 'snapshot.enterprise_data_platform.snap_customers' was properly closed.
[0m16:16:16.160645 [info ] [MainThread]: 
[0m16:16:16.160874 [info ] [MainThread]: Finished running 1 snapshot in 0 hours 0 minutes and 0.17 seconds (0.17s).
[0m16:16:16.161250 [debug] [MainThread]: Command end result
[0m16:16:16.177434 [debug] [MainThread]: Wrote artifact WritableManifest to C:\Users\Gebruiker\Data Architect\dbt_transforms\target\manifest.json
[0m16:16:16.179398 [debug] [MainThread]: Wrote artifact SemanticManifest to C:\Users\Gebruiker\Data Architect\dbt_transforms\target\semantic_manifest.json
[0m16:16:16.181244 [debug] [MainThread]: Wrote artifact OsiDocument to C:\Users\Gebruiker\Data Architect\dbt_transforms\target\osi_document.json
[0m16:16:16.184917 [debug] [MainThread]: Wrote artifact RunExecutionResult to C:\Users\Gebruiker\Data Architect\dbt_transforms\target\run_results.json
[0m16:16:16.185112 [info ] [MainThread]: 
[0m16:16:16.185388 [info ] [MainThread]: [32mCompleted successfully[0m
[0m16:16:16.185592 [info ] [MainThread]: 
[0m16:16:16.185772 [info ] [MainThread]: Done. PASS=1 WARN=0 ERROR=0 SKIP=0 NO-OP=0 REUSED=0 TOTAL=1
[0m16:16:16.186230 [debug] [MainThread]: Command `dbt snapshot` succeeded at 16:16:16.186172 after 0.71 seconds
[0m16:16:16.186405 [debug] [MainThread]: Sending event: {'category': 'dbt', 'action': 'invocation', 'label': 'end', 'context': [<snowplow_tracker.self_describing_json.SelfDescribingJson object at 0x000001E656D52BA0>, <snowplow_tracker.self_describing_json.SelfDescribingJson object at 0x000001E64FBB2490>, <snowplow_tracker.self_describing_json.SelfDescribingJson object at 0x000001E6568CBCF0>]}
[0m16:16:16.186568 [debug] [MainThread]: Flushing usage events
[0m16:16:16.595755 [debug] [MainThread]: An error was encountered while trying to flush usage events
[0m16:16:17.948895 [debug] [MainThread]: Sending event: {'category': 'dbt', 'action': 'invocation', 'label': 'start', 'context': [<snowplow_tracker.self_describing_json.SelfDescribingJson object at 0x0000016FECC26120>, <snowplow_tracker.self_describing_json.SelfDescribingJson object at 0x0000016FEA7B8CD0>, <snowplow_tracker.self_describing_json.SelfDescribingJson object at 0x0000016FEF5F39D0>]}


============================== 16:16:17.951313 | 6a8d143f-307d-4e92-9bb3-a82dacc4b4c3 ==============================
[0m16:16:17.951313 [info ] [MainThread]: Running with dbt=1.12.5
[0m16:16:17.951703 [debug] [MainThread]: running dbt with arguments {'static_parser': 'True', 'no_print': 'None', 'maximum_seed_size_mib': '1', 'target_path': 'None', 'warn_error_options': 'WarnErrorOptionsV2(error=[], warn=[], silence=[])', 'version_check': 'True', 'printer_width': '80', 'write_json': 'True', 'introspect': 'True', 'log_cache_events': 'False', 'empty': 'None', 'cache_selected_only': 'False', 'log_format': 'default', 'debug': 'False', 'fail_fast': 'False', 'profiles_dir': '.', 'send_anonymous_usage_stats': 'True', 'quiet': 'False', 'warn_error': 'None', 'partial_parse': 'True', 'use_colors': 'True', 'hints_enabled': 'True', 'invocation_command': 'dbt test --profiles-dir .', 'use_experimental_parser': 'False', 'indirect_selection': 'eager', 'log_path': 'C:\\Users\\Gebruiker\\Data Architect\\dbt_transforms\\logs'}
[0m16:16:18.074204 [debug] [MainThread]: Sending event: {'category': 'dbt', 'action': 'project_id', 'label': '6a8d143f-307d-4e92-9bb3-a82dacc4b4c3', 'context': [<snowplow_tracker.self_describing_json.SelfDescribingJson object at 0x0000016FEF67AFD0>]}
[0m16:16:18.106018 [debug] [MainThread]: Sending event: {'category': 'dbt', 'action': 'adapter_info', 'label': '6a8d143f-307d-4e92-9bb3-a82dacc4b4c3', 'context': [<snowplow_tracker.self_describing_json.SelfDescribingJson object at 0x0000016FED815D00>]}
[0m16:16:18.107453 [info ] [MainThread]: Registered adapter: duckdb=1.11.0
[0m16:16:18.220504 [debug] [MainThread]: checksum: c9f9e136216c1ef20ffad90a0f58ccdb6fce820aa067ea37b8aafc9294c69e6d, vars: {}, profile: enterprise_data_platform, target: dev, version: 1.12.5
[0m16:16:18.282916 [debug] [MainThread]: Partial parsing enabled: 0 files deleted, 0 files added, 0 files changed.
[0m16:16:18.283112 [debug] [MainThread]: Nothing changed, skipping partial parsing.
[0m16:16:18.283242 [debug] [MainThread]: Partial parsing enabled, no changes found, skipping parsing
[0m16:16:18.288236 [debug] [MainThread]: Sending event: {'category': 'dbt', 'action': 'load_project', 'label': '6a8d143f-307d-4e92-9bb3-a82dacc4b4c3', 'context': [<snowplow_tracker.self_describing_json.SelfDescribingJson object at 0x0000016FEFD10550>]}
[0m16:16:18.344199 [debug] [MainThread]: Wrote artifact WritableManifest to C:\Users\Gebruiker\Data Architect\dbt_transforms\target\manifest.json
[0m16:16:18.346219 [debug] [MainThread]: Wrote artifact SemanticManifest to C:\Users\Gebruiker\Data Architect\dbt_transforms\target\semantic_manifest.json
[0m16:16:18.363036 [debug] [MainThread]: Wrote artifact OsiDocument to C:\Users\Gebruiker\Data Architect\dbt_transforms\target\osi_document.json
[0m16:16:18.376099 [debug] [MainThread]: Sending event: {'category': 'dbt', 'action': 'resource_counts', 'label': '6a8d143f-307d-4e92-9bb3-a82dacc4b4c3', 'context': [<snowplow_tracker.self_describing_json.SelfDescribingJson object at 0x0000016FEFDC4500>]}
[0m16:16:18.376355 [info ] [MainThread]: Found 4 models, 1 snapshot, 500 macros
[0m16:16:18.376621 [debug] [MainThread]: Sending event: {'category': 'dbt', 'action': 'runnable_timing', 'label': '6a8d143f-307d-4e92-9bb3-a82dacc4b4c3', 'context': [<snowplow_tracker.self_describing_json.SelfDescribingJson object at 0x0000016FEFE49FD0>]}
[0m16:16:18.377563 [warn ] [MainThread]: [[33mWARNING[0m]: Nothing to do. Try checking your model configs and model specification args
[0m16:16:18.378661 [debug] [MainThread]: Command end result
[0m16:16:18.395009 [debug] [MainThread]: Wrote artifact WritableManifest to C:\Users\Gebruiker\Data Architect\dbt_transforms\target\manifest.json
[0m16:16:18.396710 [debug] [MainThread]: Wrote artifact SemanticManifest to C:\Users\Gebruiker\Data Architect\dbt_transforms\target\semantic_manifest.json
[0m16:16:18.398463 [debug] [MainThread]: Wrote artifact OsiDocument to C:\Users\Gebruiker\Data Architect\dbt_transforms\target\osi_document.json
[0m16:16:18.400582 [debug] [MainThread]: Wrote artifact RunExecutionResult to C:\Users\Gebruiker\Data Architect\dbt_transforms\target\run_results.json
[0m16:16:18.401015 [debug] [MainThread]: Command `dbt test` succeeded at 16:16:18.400955 after 0.53 seconds
[0m16:16:18.401198 [debug] [MainThread]: Sending event: {'category': 'dbt', 'action': 'invocation', 'label': 'end', 'context': [<snowplow_tracker.self_describing_json.SelfDescribingJson object at 0x0000016FED9381F0>, <snowplow_tracker.self_describing_json.SelfDescribingJson object at 0x0000016FEFE22090>, <snowplow_tracker.self_describing_json.SelfDescribingJson object at 0x0000016FEFE22210>]}
[0m16:16:18.401361 [debug] [MainThread]: Flushing usage events
[0m16:16:18.792116 [debug] [MainThread]: An error was encountered while trying to flush usage events
